{"players":[{"payoff":0,"strategy":"sleepTime_0_alpha_0.001","role":"LA"},{"payoff":0,"strategy":"","role":"DUMMY"}],"features":{"":{"pv_var":10000.0,"obs":2,"bid_range":2000,"shock_var":15000.0,"latency":10,"expire_rate":0.02,"arrival_rate":0.075,"kappa":0.05,"tick_size":1,"mean_pv":100000},"centralcall_spreads":{"mean_mkt4":12724.31578947367,"med_mkt4":9631.0},"centralcda_bkgrd_surplus":{"med":4318.0,"min":355.0,"sum_plus_dummy":399141.0,"max":49438.0,"var":1.3638810579423082E8,"sum_plus_la":399141.0,"sum":399141.0,"mean":9978.525},"expire":{"med":38.0,"min":0.0,"max":317.0,"var":3368.0682828282843,"sum":5518.0,"mean":55.17999999999999},"twomarket_bkgrd_surplus":{"med":4318.0,"min":355.0,"sum_plus_dummy":373875.0,"max":49438.0,"var":1.2311142123541963E8,"sum_plus_la":373875.0,"sum":373875.0,"mean":9838.815789473683},"interval":{"med":11.0,"min":1.0,"max":78.0,"var":152.64353535353547,"sum":1473.0,"mean":14.729999999999999},"bkgrd_info":{"num_total_bids":100,"num_bids_alt":100},"twomarket_depths":{"med_mkt2":0.0,"mean_mkt3":0.13516505636069986,"mean_mkt2":0.13544697501755693,"med_mkt3":0.0},"centralcda_transactions":{"sells_la_dummy":0,"var_price":8.259779163789474E8,"min_price":60360.0,"buys_la_dummy":0,"num_trans":20,"mean_price":126247.8,"buys_la":0,"max_price":165764.0,"sells_la":0},"centralcall_transactions":{"sells_la_dummy":0,"var_price":8.532175126725146E8,"min_price":65675.0,"buys_la_dummy":0,"num_trans":19,"mean_price":126616.31578947368,"buys_la":0,"max_price":166746.0,"sells_la":0},"twomarket_spreads":{"med_mkt2":14526.0,"mean_mkt3":26248.027027027027,"mean_mkt2":17405.35114503817,"med_mkt3":27572.0},"centralcall_depths":{"mean_mkt4":0.26256646934882827,"med_mkt4":0.0},"centralcda_depths":{"mean_mkt1":0.257248921440717,"med_mkt1":0.0},"centralcall_bkgrd_surplus":{"med":8592.0,"min":1480.0,"sum_plus_dummy":409633.0,"max":31585.0,"var":5.902028637055476E7,"sum_plus_la":409633.0,"sum":409633.0,"mean":10779.815789473683},"pv":{"med":125010.0,"min":58761.0,"max":186101.0,"var":1.270124411170101E9,"sum":1.2224996E7,"mean":122249.96},"twomarket_transactions":{"sells_la_dummy":0,"var_price":8.207504168187134E8,"min_price":60360.0,"buys_la_dummy":0,"num_trans":19,"mean_price":126860.52631578948,"buys_la":0,"max_price":165764.0,"sells_la":0},"centralcda_spreads":{"mean_mkt1":8331.278641207839,"med_mkt1":8021.0}}}