{"players":[{"payoff":0,"strategy":"sleepTime_0_alpha_0.001","role":"LA"}],"features":{"depths":{"mkt2_mean":21.397160000004913,"mkt3_med":20.0,"mkt2_med":11.0,"mkt3_mean":26.191160000005123},"cn_spreads":{"mkt_c_med":4000.0,"mkt_c_mean":1283616.390719693},"transactions":{"price_mean":91600.79365079364,"hft_sells":0,"price_var":7.770487936507936E7,"price_min":76900.0,"num_trans":126,"hft_buys":0,"price_max":106400.0},"cn_exec_speed":{"min":0.0,"max":4438.0,"var":582415.5279118967,"mean":356.7063492063508},"bkgrd_info":{"num_total_bids":500,"num_bids_alt":500},"cn_transactions":{"price_mean":91600.79365079364,"hft_sells":0,"price_var":7.770487936507936E7,"price_min":76900.0,"num_trans":126,"hft_buys":0,"price_max":106400.0},"cn_depths":{"mkt_c_med":29.0,"mkt_c_mean":47.75820000000666},"bkgrd_surplus":{"med":5736.0,"min":50.0,"max":19060.0,"var":2.4111161843483217E7,"sum":1680570.0,"mean":6668.92857142857},"spreads":{"mkt2_mean":8323782.791675498,"nbbo_med":5500.0,"mkt3_med":5200.0,"mkt2_med":4000.0,"mkt3_mean":1284772.8107205012,"nbbo_mean":4540.860000000175},"exec_speed":{"min":0.0,"max":4438.0,"var":583426.5378522547,"mean":356.70634920635104},"pv":{"med":89715.5,"min":69784.0,"max":115619.0,"var":1.3567636846773145E8,"sum":4.5163901E7,"mean":90327.802},"arrival_interval":{"med":10.0,"min":1.0,"max":97.0,"var":193.86883767535053,"sum":7115.0,"mean":14.230000000000002},"cn_bkgrd_surplus":{"med":5736.0,"min":50.0,"max":19060.0,"var":2.4111161843483217E7,"sum":1680570.0,"mean":6668.92857142857}}}