{"players":[{"payoff":89823,"strategy":"sleepTime_0_alpha_0.001","role":"HFT"}],"features":{"transactions":{"qty_mean":1.0,"price_mean":18476.870748299334,"hft_sells":28,"price_var":1.6656374219550836E8,"price_min":900.0,"num_trans":147,"hft_buys":26,"qty_min":1.0,"qty_max":1.0,"qty_var":0.0,"price_max":57350.0},"interval":{"med":94.0,"min":1.0,"max":1187.0,"var":19896.548981963933,"sum":66523.0,"mean":133.04600000000005},"pv":{"med":14928.0,"min":0.0,"max":60824.0,"var":2.20300392049469E8,"sum":8851048.0,"mean":17666.7624750499},"nbbo_surplus":{"med":4007.0,"min":301.0,"max":21570.0,"var":1.2245138470693862E7,"sum":1151141.0,"mean":4796.420833333331},"nbbo_info":{"num_neg_PV":47,"num_nbbo_worse":0}}}