{"players":[{"payoff":34700,"strategy":"sleepTime_0_alpha_0.001","role":"HFT"}],"features":{"transactions":{"qty_mean":1.0,"price_mean":45070.97902097902,"hft_sells":20,"price_var":2.296732891756131E8,"price_min":9250.0,"num_trans":143,"hft_buys":20,"qty_min":1.0,"qty_max":1.0,"qty_var":0.0,"price_max":72650.0},"interval":{"med":94.5,"min":1.0,"max":1280.0,"var":22703.759919839664,"sum":67730.0,"mean":135.45999999999998},"pv":{"med":40584.0,"min":2016.0,"max":82854.0,"var":2.974768708618046E8,"sum":2.1334424E7,"mean":42583.68063872251},"nbbo_surplus":{"med":4772.5,"min":-1144.0,"max":12882.0,"var":7786956.779973447,"sum":1229539.0,"mean":4998.126016260163},"nbbo_info":{"num_neg_PV":0,"num_nbbo_worse":0}}}