{"players":[{"payoff":24050,"strategy":"sleepTime_0_alpha_0.001","role":"HFT"}],"features":{"transactions":{"qty_mean":1.0,"price_mean":77547.87234042554,"hft_sells":5,"price_var":4.0583532146160954E8,"price_min":48600.0,"num_trans":47,"hft_buys":5,"qty_min":1.0,"qty_max":1.0,"qty_var":0.0,"price_max":119950.0},"interval":{"med":92.5,"min":1.0,"max":622.0,"var":21026.472222222223,"sum":13945.0,"mean":139.45},"pv":{"med":77993.0,"min":45224.0,"max":125636.0,"var":5.2092987708693063E8,"sum":7998233.0,"mean":79190.42574257424},"nbbo_surplus":{"med":4775.5,"min":432.0,"max":20686.0,"var":2.3023646575301204E7,"sum":523047.0,"mean":6226.75},"nbbo_info":{"num_neg_PV":0,"num_nbbo_worse":7}}}