{"ZI": {"mean": 33594.869674862915, "total": 3359486.967486291, "sd": 99151.10347042496}, "Benchmark-Manipulator": {"mean": 39953561.60000727, "total": 3995356160.0007277, "sd": 102218.04514260327}, "Benchmark-Manipulator-Market-Performance": {"mean": -71219.99622703083, "total": -7121999.622703083, "sd": 99880.2856466932}, "Benchmark-Manipulator-Benchmark-Performance": {"mean": 40024781.5962343, "total": 4002478159.62343, "sd": 25598.782733459437}, "Total-Surplus": {"mean": 39987156.46968213, "total": 3998715646.968213, "sd": 25627.93737227544}, "Market-Surplus": {"mean": -37625.126552167756, "total": -3762512.655216776, "sd": 17457.78105557136}}