{"ZI": {"mean": 23357.932640658673, "total": 2335793.2640658673, "sd": 102624.96620070422}, "Benchmark-Manipulator": {"mean": 39967662.25252641, "total": 3996766225.2526407, "sd": 108050.07448780548}, "Benchmark-Manipulator-Market-Performance": {"mean": -61971.14425089918, "total": -6197114.425089918, "sd": 107432.0370771179}, "Benchmark-Manipulator-Benchmark-Performance": {"mean": 40029633.39677731, "total": 4002963339.677731, "sd": 27174.741833276472}, "Total-Surplus": {"mean": 39991020.185167074, "total": 3999102018.5167074, "sd": 29485.8882746497}, "Market-Surplus": {"mean": -38613.211610240716, "total": -3861321.1610240713, "sd": 23264.130149698292}}