{"ZI": {"mean": 15731.915108173456, "total": 1573191.5108173457, "sd": 92822.36002149613}, "Benchmark-Manipulator": {"mean": 39969058.396307185, "total": 3996905839.630718, "sd": 96639.86894697892}, "Benchmark-Manipulator-Market-Performance": {"mean": -52193.65100253284, "total": -5219365.100253284, "sd": 95352.39843053419}, "Benchmark-Manipulator-Benchmark-Performance": {"mean": 40021252.04730971, "total": 4002125204.7309713, "sd": 25054.3585527609}, "Total-Surplus": {"mean": 39984790.31141535, "total": 3998479031.1415353, "sd": 27572.898785849975}, "Market-Surplus": {"mean": -36461.73589435942, "total": -3646173.5894359425, "sd": 20068.607265352563}}