{"ZI": {"mean": 18081.5671504144, "total": 1808156.71504144, "sd": 94537.18524662666}, "Benchmark-Manipulator": {"mean": 39972009.95625388, "total": 3997200995.6253877, "sd": 100829.08399423677}, "Benchmark-Manipulator-Market-Performance": {"mean": -52254.0531991411, "total": -5225405.31991411, "sd": 96667.94056614954}, "Benchmark-Manipulator-Benchmark-Performance": {"mean": 40024264.00945301, "total": 4002426400.9453015, "sd": 25885.54544171944}, "Total-Surplus": {"mean": 39990091.52340429, "total": 3999009152.3404293, "sd": 29887.634253984736}, "Market-Surplus": {"mean": -34172.48604872711, "total": -3417248.604872711, "sd": 21959.057902614477}}