{"ZI": {"mean": 38405.065260610565, "total": 3840506.526061056, "sd": 104982.78211395869}, "Benchmark-Manipulator": {"mean": 39945590.21869701, "total": 3994559021.869701, "sd": 109090.21047567988}, "Benchmark-Manipulator-Market-Performance": {"mean": -77806.81813966409, "total": -7780681.813966408, "sd": 105281.62287494775}, "Benchmark-Manipulator-Benchmark-Performance": {"mean": 40023397.03683668, "total": 4002339703.6836677, "sd": 25364.943234103972}, "Total-Surplus": {"mean": 39983995.28395762, "total": 3998399528.3957624, "sd": 29585.004723980353}, "Market-Surplus": {"mean": -39401.75287905343, "total": -3940175.287905343, "sd": 20129.07523751885}}