{"ZI": {"mean": 33319.7456655837, "total": 3331974.56655837, "sd": 98282.3011149681}, "Benchmark-Manipulator": {"mean": 39952801.49848331, "total": 3995280149.848331, "sd": 101391.93025139866}, "Benchmark-Manipulator-Market-Performance": {"mean": -74707.77271571502, "total": -7470777.271571502, "sd": 101223.44201486612}, "Benchmark-Manipulator-Benchmark-Performance": {"mean": 40027509.27119902, "total": 4002750927.119902, "sd": 25452.838167589027}, "Total-Surplus": {"mean": 39986121.24414889, "total": 3998612124.414889, "sd": 28875.92581867176}, "Market-Surplus": {"mean": -41388.02705013119, "total": -4138802.7050131187, "sd": 21284.83540073284}}