{"ZI": {"mean": 35875.02532919808, "total": 3587502.5329198074, "sd": 87774.58775959723}, "Benchmark-Manipulator": {"mean": 39946814.45693091, "total": 3994681445.6930914, "sd": 91989.67996652646}, "Benchmark-Manipulator-Market-Performance": {"mean": -76551.9446687004, "total": -7655194.46687004, "sd": 85504.932974771}, "Benchmark-Manipulator-Benchmark-Performance": {"mean": 40023366.40159962, "total": 4002336640.159962, "sd": 23198.065351729118}, "Total-Surplus": {"mean": 39982689.482260115, "total": 3998268948.2260113, "sd": 28509.729266703143}, "Market-Surplus": {"mean": -40676.9193395023, "total": -4067691.9339502305, "sd": 18547.950350436073}}