{"ZI": {"mean": 10529.1092030327, "total": 1052910.92030327, "sd": 102603.37038655505}, "Benchmark-Manipulator": {"mean": 39979263.65297004, "total": 3997926365.2970037, "sd": 103062.8183258135}, "Benchmark-Manipulator-Market-Performance": {"mean": -50584.99981246695, "total": -5058499.981246695, "sd": 104773.72522509203}, "Benchmark-Manipulator-Benchmark-Performance": {"mean": 40029848.6527825, "total": 4002984865.27825, "sd": 22510.36928270289}, "Total-Surplus": {"mean": 39989792.76217307, "total": 3998979276.217307, "sd": 24726.540888430416}, "Market-Surplus": {"mean": -40055.8906094347, "total": -4005589.0609434694, "sd": 19991.798160912742}}