{"ZI": {"mean": 22916.13096347041, "total": 2291613.096347041, "sd": 91110.06920003163}, "Benchmark-Manipulator": {"mean": 39966763.70135072, "total": 3996676370.135072, "sd": 93443.05218730861}, "Benchmark-Manipulator-Market-Performance": {"mean": -61959.03467888929, "total": -6195903.467888929, "sd": 93860.61218556123}, "Benchmark-Manipulator-Benchmark-Performance": {"mean": 40028722.73602962, "total": 4002872273.6029615, "sd": 23581.760954599988}, "Total-Surplus": {"mean": 39989679.83231419, "total": 3998967983.2314196, "sd": 29578.11744601994}, "Market-Surplus": {"mean": -39042.90371541895, "total": -3904290.371541895, "sd": 22515.09705241153}}