{"ZI": {"mean": 33770.13760787205, "total": 3377013.760787205, "sd": 100449.76018034246}, "Benchmark-Manipulator": {"mean": 39954707.305254385, "total": 3995470730.5254383, "sd": 103475.6733435274}, "Benchmark-Manipulator-Market-Performance": {"mean": -74032.07566577554, "total": -7403207.566577554, "sd": 101133.11452848754}, "Benchmark-Manipulator-Benchmark-Performance": {"mean": 40028739.38092016, "total": 4002873938.0920157, "sd": 25949.10033720606}, "Total-Surplus": {"mean": 39988477.44286225, "total": 3998847744.286225, "sd": 27820.50265154241}, "Market-Surplus": {"mean": -40261.938057903724, "total": -4026193.805790372, "sd": 19396.592217807203}}