{"ZI": {"mean": 18411.384776516254, "total": 1841138.4776516254, "sd": 108636.22795175196}, "Benchmark-Manipulator": {"mean": 39968129.09168064, "total": 3996812909.168064, "sd": 112267.06180156616}, "Benchmark-Manipulator-Market-Performance": {"mean": -56237.93057020508, "total": -5623793.057020508, "sd": 109974.53277248326}, "Benchmark-Manipulator-Benchmark-Performance": {"mean": 40024367.022250846, "total": 4002436702.2250843, "sd": 23665.131003856997}, "Total-Surplus": {"mean": 39986540.47645716, "total": 3998654047.645716, "sd": 26915.911760335366}, "Market-Surplus": {"mean": -37826.545793688965, "total": -3782654.579368897, "sd": 21805.988330954457}}