{"ZI": {"mean": 24974.39477855586, "total": 2497439.477855586, "sd": 109486.33789064364}, "Benchmark-Manipulator": {"mean": 39961767.42967581, "total": 3996176742.967581, "sd": 115814.96635205693}, "Benchmark-Manipulator-Market-Performance": {"mean": -63311.11863650866, "total": -6331111.863650866, "sd": 110988.90230963442}, "Benchmark-Manipulator-Benchmark-Performance": {"mean": 40025078.54831233, "total": 4002507854.831233, "sd": 20254.38885980423}, "Total-Surplus": {"mean": 39986741.824454375, "total": 3998674182.4454374, "sd": 25197.811215170284}, "Market-Surplus": {"mean": -38336.72385795288, "total": -3833672.385795288, "sd": 20898.323038069124}}