{"ZI": {"mean": 34886.97481933396, "total": 3488697.4819333963, "sd": 104120.09960397152}, "Benchmark-Manipulator": {"mean": 39953530.29813256, "total": 3995353029.813256, "sd": 107164.73191272999}, "Benchmark-Manipulator-Market-Performance": {"mean": -76956.25575249545, "total": -7695625.575249545, "sd": 107123.07049054152}, "Benchmark-Manipulator-Benchmark-Performance": {"mean": 40030486.55388504, "total": 4003048655.3885045, "sd": 21029.160574478617}, "Total-Surplus": {"mean": 39988417.272951886, "total": 3998841727.2951884, "sd": 24611.409114976526}, "Market-Surplus": {"mean": -42069.28093316153, "total": -4206928.093316153, "sd": 20795.75012464639}}