{"ZI": {"mean": 28219.28058342935, "total": 2821928.058342935, "sd": 99464.79050594206}, "Benchmark-Manipulator": {"mean": 39961234.134944856, "total": 3996123413.494486, "sd": 106987.22553946108}, "Benchmark-Manipulator-Market-Performance": {"mean": -66886.1378375315, "total": -6688613.783753149, "sd": 102192.31337932784}, "Benchmark-Manipulator-Benchmark-Performance": {"mean": 40028120.272782385, "total": 4002812027.2782383, "sd": 24766.474231571414}, "Total-Surplus": {"mean": 39989453.415528275, "total": 3998945341.552828, "sd": 31498.334082424797}, "Market-Surplus": {"mean": -38666.857254102084, "total": -3866685.725410208, "sd": 22021.709069741708}}