{"ZI": {"mean": 18022.83005416615, "total": 1802283.005416615, "sd": 89711.50995684801}, "Benchmark-Manipulator": {"mean": 39970095.78166799, "total": 3997009578.1667995, "sd": 93739.18739968323}, "Benchmark-Manipulator-Market-Performance": {"mean": -60199.198244263906, "total": -6019919.82442639, "sd": 94034.01226520035}, "Benchmark-Manipulator-Benchmark-Performance": {"mean": 40030294.97991226, "total": 4003029497.9912257, "sd": 21456.783021216237}, "Total-Surplus": {"mean": 39988118.61172216, "total": 3998811861.172216, "sd": 24784.84489014676}, "Market-Surplus": {"mean": -42176.368190098256, "total": -4217636.819009826, "sd": 19043.74315790815}}