{"ZI": {"mean": 20925.817361075642, "total": 2092581.7361075643, "sd": 112628.23801508814}, "Benchmark-Manipulator": {"mean": 39965733.064382985, "total": 3996573306.4382987, "sd": 118703.02660753642}, "Benchmark-Manipulator-Market-Performance": {"mean": -60111.29111353979, "total": -6011129.1113539785, "sd": 115297.37692329542}, "Benchmark-Manipulator-Benchmark-Performance": {"mean": 40025844.35549653, "total": 4002584435.549653, "sd": 25276.53376105602}, "Total-Surplus": {"mean": 39986658.88174406, "total": 3998665888.174406, "sd": 27392.84282687804}, "Market-Surplus": {"mean": -39185.47375246443, "total": -3918547.375246443, "sd": 21553.84572217485}}