{"ZI": {"mean": 24835.31688036866, "total": 2483531.688036866, "sd": 93800.9665993565}, "Benchmark-Manipulator": {"mean": 39960776.587441966, "total": 3996077658.744197, "sd": 95766.39369698091}, "Benchmark-Manipulator-Market-Performance": {"mean": -64719.36383277491, "total": -6471936.383277491, "sd": 92249.53907479985}, "Benchmark-Manipulator-Benchmark-Performance": {"mean": 40025495.951274745, "total": 4002549595.1274743, "sd": 18336.217479778556}, "Total-Surplus": {"mean": 39985611.90432235, "total": 3998561190.432235, "sd": 26784.028220967448}, "Market-Surplus": {"mean": -39884.04695240617, "total": -3988404.695240617, "sd": 22686.771316500774}}