{"ZI": {"mean": 13011.822178370212, "total": 1301182.2178370212, "sd": 106460.26263899101}, "Benchmark-Manipulator": {"mean": 39977221.54760374, "total": 3997722154.760374, "sd": 111069.32099508056}, "Benchmark-Manipulator-Market-Performance": {"mean": -51331.883950670584, "total": -5133188.3950670585, "sd": 106992.29340008303}, "Benchmark-Manipulator-Benchmark-Performance": {"mean": 40028553.43155441, "total": 4002855343.155441, "sd": 26721.762542370056}, "Total-Surplus": {"mean": 39990233.36978211, "total": 3999023336.978211, "sd": 29457.871916858207}, "Market-Surplus": {"mean": -38320.061772300454, "total": -3832006.177230045, "sd": 22251.774434080584}}