{"ZI": {"mean": 37036.173956262515, "total": 3703617.3956262516, "sd": 102357.1589052955}, "Benchmark-Manipulator": {"mean": 39951707.10538334, "total": 3995170710.5383334, "sd": 103708.71982761369}, "Benchmark-Manipulator-Market-Performance": {"mean": -74949.76243341654, "total": -7494976.243341655, "sd": 103883.21697322433}, "Benchmark-Manipulator-Benchmark-Performance": {"mean": 40026656.86781675, "total": 4002665686.7816753, "sd": 23785.226504475635}, "Total-Surplus": {"mean": 39988743.2793396, "total": 3998874327.93396, "sd": 27227.375500104816}, "Market-Surplus": {"mean": -37913.5884771537, "total": -3791358.8477153704, "sd": 18881.74839171615}}