{"ZI": {"mean": 8208.055040817797, "total": 820805.5040817796, "sd": 95204.19009921758}, "Benchmark-Manipulator": {"mean": 39979436.0069251, "total": 3997943600.69251, "sd": 102839.52815977074}, "Benchmark-Manipulator-Market-Performance": {"mean": -48677.320221976785, "total": -4867732.022197679, "sd": 96556.7108619872}, "Benchmark-Manipulator-Benchmark-Performance": {"mean": 40028113.32714708, "total": 4002811332.714708, "sd": 23462.792385733173}, "Total-Surplus": {"mean": 39987644.06196591, "total": 3998764406.1965914, "sd": 26104.98221243077}, "Market-Surplus": {"mean": -40469.2651811593, "total": -4046926.5181159303, "sd": 18843.71208063806}}