{"ZI": {"mean": 26454.44975887882, "total": 2645444.975887882, "sd": 105076.06505976581}, "Benchmark-Manipulator": {"mean": 39960989.179558545, "total": 3996098917.955855, "sd": 105499.14771870052}, "Benchmark-Manipulator-Market-Performance": {"mean": -66444.83739366867, "total": -6644483.739366867, "sd": 101995.62825344407}, "Benchmark-Manipulator-Benchmark-Performance": {"mean": 40027434.01695222, "total": 4002743401.695222, "sd": 24200.913152156463}, "Total-Surplus": {"mean": 39987443.629317425, "total": 3998744362.9317427, "sd": 28465.533783226274}, "Market-Surplus": {"mean": -39990.387634790015, "total": -3999038.763479002, "sd": 23371.460486622957}}