{"ZI": {"mean": 22883.891616762863, "total": 2288389.1616762863, "sd": 103998.03564983697}, "Benchmark-Manipulator": {"mean": 39961539.42022676, "total": 3996153942.022676, "sd": 105333.01654328585}, "Benchmark-Manipulator-Market-Performance": {"mean": -64693.49235315136, "total": -6469349.235315137, "sd": 103337.05362574462}, "Benchmark-Manipulator-Benchmark-Performance": {"mean": 40026232.91257992, "total": 4002623291.257992, "sd": 23439.84831327939}, "Total-Surplus": {"mean": 39984423.31184353, "total": 3998442331.184353, "sd": 28786.428008800518}, "Market-Surplus": {"mean": -41809.60073638804, "total": -4180960.0736388043, "sd": 22381.4802744087}}