{"ZI": {"mean": 19147.257720121994, "total": 1914725.7720121995, "sd": 88460.45720155415}, "Benchmark-Manipulator": {"mean": 39968432.78992285, "total": 3996843278.992285, "sd": 91194.02111571675}, "Benchmark-Manipulator-Market-Performance": {"mean": -60216.43357069567, "total": -6021643.357069567, "sd": 89167.94102196863}, "Benchmark-Manipulator-Benchmark-Performance": {"mean": 40028649.223493546, "total": 4002864922.3493547, "sd": 24830.098880333}, "Total-Surplus": {"mean": 39987580.04764297, "total": 3998758004.764297, "sd": 26748.778614782303}, "Market-Surplus": {"mean": -41069.1758505737, "total": -4106917.5850573704, "sd": 20015.501294294645}}