{"ZI": {"mean": 19388.278613348688, "total": 1938827.8613348687, "sd": 88020.2586725778}, "Benchmark-Manipulator": {"mean": 39970992.08444339, "total": 3997099208.444339, "sd": 92477.1186560314}, "Benchmark-Manipulator-Market-Performance": {"mean": -58717.44612674981, "total": -5871744.612674981, "sd": 88935.60521130549}, "Benchmark-Manipulator-Benchmark-Performance": {"mean": 40029709.53057014, "total": 4002970953.057014, "sd": 26601.335797305}, "Total-Surplus": {"mean": 39990380.363056734, "total": 3999038036.3056736, "sd": 27767.053606230143}, "Market-Surplus": {"mean": -39329.16751340076, "total": -3932916.7513400763, "sd": 19978.90548419593}}