{"ZI": {"mean": 38632.024105315446, "total": 3863202.4105315446, "sd": 94679.96735402495}, "Benchmark-Manipulator": {"mean": 39943516.93332312, "total": 3994351693.3323126, "sd": 98457.35277362252}, "Benchmark-Manipulator-Market-Performance": {"mean": -79941.37385975756, "total": -7994137.385975756, "sd": 96632.26489578864}, "Benchmark-Manipulator-Benchmark-Performance": {"mean": 40023458.307182886, "total": 4002345830.7182884, "sd": 24130.5924752269}, "Total-Surplus": {"mean": 39982148.95742843, "total": 3998214895.7428436, "sd": 26794.009195576913}, "Market-Surplus": {"mean": -41309.34975444197, "total": -4130934.9754441977, "sd": 20855.584254186982}}