{"ZI": {"mean": 37286.09983198408, "total": 3728609.983198408, "sd": 105816.10865876611}, "Benchmark-Manipulator": {"mean": 39945256.56068703, "total": 3994525656.0687027, "sd": 107421.00622206746}, "Benchmark-Manipulator-Market-Performance": {"mean": -79834.89919657625, "total": -7983489.919657625, "sd": 108131.83145337422}, "Benchmark-Manipulator-Benchmark-Performance": {"mean": 40025091.45988361, "total": 4002509145.988361, "sd": 23722.987046887192}, "Total-Surplus": {"mean": 39982542.66051902, "total": 3998254266.051902, "sd": 28972.108680314832}, "Market-Surplus": {"mean": -42548.79936459251, "total": -4254879.936459251, "sd": 23327.42413603443}}