{"ZI": {"mean": 31611.214957752592, "total": 3161121.495775259, "sd": 92267.07601208237}, "Benchmark-Manipulator": {"mean": 39961938.79637457, "total": 3996193879.637457, "sd": 92055.15271710156}, "Benchmark-Manipulator-Market-Performance": {"mean": -67229.00575075836, "total": -6722900.575075835, "sd": 94240.35232922832}, "Benchmark-Manipulator-Benchmark-Performance": {"mean": 40029167.80212533, "total": 4002916780.2125325, "sd": 21604.656378932406}, "Total-Surplus": {"mean": 39993550.01133232, "total": 3999355001.1332316, "sd": 28068.54513931514}, "Market-Surplus": {"mean": -35617.79079300582, "total": -3561779.0793005824, "sd": 21435.63848561513}}