{"ZI": {"mean": 26399.844207674836, "total": 2639984.4207674838, "sd": 92959.98328598513}, "Benchmark-Manipulator": {"mean": 39962799.9858501, "total": 3996279998.58501, "sd": 97092.78096456401}, "Benchmark-Manipulator-Market-Performance": {"mean": -66288.08099946186, "total": -6628808.099946186, "sd": 96214.32258954355}, "Benchmark-Manipulator-Benchmark-Performance": {"mean": 40029088.06684957, "total": 4002908806.684957, "sd": 22098.68683351916}, "Total-Surplus": {"mean": 39989199.83005777, "total": 3998919983.0057774, "sd": 24660.7161455162}, "Market-Surplus": {"mean": -39888.2367917873, "total": -3988823.6791787297, "sd": 20251.624821351495}}