{"ZI": {"mean": 32595.596900388115, "total": 3259559.6900388114, "sd": 86205.44889818132}, "Benchmark-Manipulator": {"mean": 39956200.47331686, "total": 3995620047.3316865, "sd": 91228.32438381562}, "Benchmark-Manipulator-Market-Performance": {"mean": -69473.39791667208, "total": -6947339.791667208, "sd": 88389.78430266224}, "Benchmark-Manipulator-Benchmark-Performance": {"mean": 40025673.87123355, "total": 4002567387.123355, "sd": 24239.446714582}, "Total-Surplus": {"mean": 39988796.07021726, "total": 3998879607.0217257, "sd": 28129.866757530926}, "Market-Surplus": {"mean": -36877.8010162843, "total": -3687780.10162843, "sd": 16933.663654916672}}