{"ZI": {"mean": 11038.01640185744, "total": 1103801.640185744, "sd": 97117.7028132788}, "Benchmark-Manipulator": {"mean": 39978778.156388074, "total": 3997877815.6388073, "sd": 100158.54931910693}, "Benchmark-Manipulator-Market-Performance": {"mean": -48565.473792239056, "total": -4856547.3792239055, "sd": 99169.56231736543}, "Benchmark-Manipulator-Benchmark-Performance": {"mean": 40027343.63018031, "total": 4002734363.0180306, "sd": 24232.82781963494}, "Total-Surplus": {"mean": 39989816.17278993, "total": 3998981617.278993, "sd": 25282.479543712587}, "Market-Surplus": {"mean": -37527.45739038147, "total": -3752745.739038147, "sd": 20345.72600617398}}