{"ZI": {"mean": 26854.331422225034, "total": 2685433.142222503, "sd": 105115.33893136684}, "Benchmark-Manipulator": {"mean": 39960135.29140935, "total": 3996013529.140935, "sd": 109546.46170729217}, "Benchmark-Manipulator-Market-Performance": {"mean": -67915.64217473648, "total": -6791564.2174736485, "sd": 108283.17632657118}, "Benchmark-Manipulator-Benchmark-Performance": {"mean": 40028050.93358409, "total": 4002805093.3584085, "sd": 24224.217220889703}, "Total-Surplus": {"mean": 39986989.62283157, "total": 3998698962.283157, "sd": 26996.040458667292}, "Market-Surplus": {"mean": -41061.31075251132, "total": -4106131.0752511322, "sd": 22583.933914742}}