{"ZI": {"mean": 16779.72038597348, "total": 1677972.038597348, "sd": 105140.63071837889}, "Benchmark-Manipulator": {"mean": 39970166.44405124, "total": 3997016644.405124, "sd": 106285.432293251}, "Benchmark-Manipulator-Market-Performance": {"mean": -55793.07081921332, "total": -5579307.081921332, "sd": 106547.45090929653}, "Benchmark-Manipulator-Benchmark-Performance": {"mean": 40025959.51487045, "total": 4002595951.4870453, "sd": 23236.511473719947}, "Total-Surplus": {"mean": 39986946.16443721, "total": 3998694616.4437213, "sd": 25699.261210230085}, "Market-Surplus": {"mean": -39013.35043323994, "total": -3901335.0433239937, "sd": 20628.34590081995}}