{"ZI": {"mean": 15980.687066540955, "total": 1598068.7066540956, "sd": 96593.5971294701}, "Benchmark-Manipulator": {"mean": 39968715.086506456, "total": 3996871508.6506453, "sd": 101621.46279459221}, "Benchmark-Manipulator-Market-Performance": {"mean": -58817.23495220743, "total": -5881723.495220743, "sd": 100008.96818196255}, "Benchmark-Manipulator-Benchmark-Performance": {"mean": 40027532.32145867, "total": 4002753232.1458664, "sd": 24255.291518863232}, "Total-Surplus": {"mean": 39984695.773572996, "total": 3998469577.3573, "sd": 26993.652477043102}, "Market-Surplus": {"mean": -42836.54788566634, "total": -4283654.788566634, "sd": 21290.45506461369}}