{"ZI": {"mean": 8876.388876028157, "total": 887638.8876028158, "sd": 93935.35554734731}, "Benchmark-Manipulator": {"mean": 39979310.78390923, "total": 3997931078.3909235, "sd": 95850.68973195404}, "Benchmark-Manipulator-Market-Performance": {"mean": -49653.42443577193, "total": -4965342.443577193, "sd": 93765.3637300834}, "Benchmark-Manipulator-Benchmark-Performance": {"mean": 40028964.20834501, "total": 4002896420.8345013, "sd": 21918.59795729701}, "Total-Surplus": {"mean": 39988187.17278527, "total": 3998818717.278527, "sd": 28110.339025052734}, "Market-Surplus": {"mean": -40777.035559743716, "total": -4077703.5559743717, "sd": 21457.368901758302}}