{"ZI": {"mean": 12136.176853328647, "total": 1213617.6853328648, "sd": 102751.0270568741}, "Benchmark-Manipulator": {"mean": 39972112.06760634, "total": 3997211206.7606335, "sd": 102969.85999439204}, "Benchmark-Manipulator-Market-Performance": {"mean": -56743.41067595981, "total": -5674341.067595981, "sd": 103312.05186892686}, "Benchmark-Manipulator-Benchmark-Performance": {"mean": 40028855.478282295, "total": 4002885547.8282294, "sd": 24504.142436235437}, "Total-Surplus": {"mean": 39984248.244459674, "total": 3998424824.445967, "sd": 29607.993489743778}, "Market-Surplus": {"mean": -44607.23382263139, "total": -4460723.382263139, "sd": 19002.964851035085}}