{"ZI": {"mean": 23559.24211453877, "total": 2355924.211453877, "sd": 92315.31793713491}, "Benchmark-Manipulator": {"mean": 39961793.868562944, "total": 3996179386.8562946, "sd": 91971.16591599213}, "Benchmark-Manipulator-Market-Performance": {"mean": -63454.098462105765, "total": -6345409.846210577, "sd": 90649.1219223346}, "Benchmark-Manipulator-Benchmark-Performance": {"mean": 40025247.96702506, "total": 4002524796.7025056, "sd": 24966.208644381695}, "Total-Surplus": {"mean": 39985353.11067749, "total": 3998535311.067749, "sd": 27977.47598378032}, "Market-Surplus": {"mean": -39894.85634756721, "total": -3989485.6347567216, "sd": 20755.930391455833}}