{"ZI": {"mean": 30323.695995840393, "total": 3032369.5995840393, "sd": 106729.18712406058}, "Benchmark-Manipulator": {"mean": 39959554.3877691, "total": 3995955438.7769103, "sd": 109434.3355870995}, "Benchmark-Manipulator-Market-Performance": {"mean": -66975.9030669573, "total": -6697590.3066957295, "sd": 107956.15996887113}, "Benchmark-Manipulator-Benchmark-Performance": {"mean": 40026530.290836066, "total": 4002653029.0836062, "sd": 23192.71411895828}, "Total-Surplus": {"mean": 39989878.08376494, "total": 3998987808.3764944, "sd": 28484.023965146436}, "Market-Surplus": {"mean": -36652.20707111664, "total": -3665220.707111664, "sd": 22143.403639867767}}