{"ZI": {"mean": 29072.511319753296, "total": 2907251.1319753295, "sd": 114661.76413163991}, "Benchmark-Manipulator": {"mean": 39963048.32783136, "total": 3996304832.7831354, "sd": 117728.31557795992}, "Benchmark-Manipulator-Market-Performance": {"mean": -65240.04563683502, "total": -6524004.563683502, "sd": 117691.54237890868}, "Benchmark-Manipulator-Benchmark-Performance": {"mean": 40028288.37346819, "total": 4002828837.3468194, "sd": 23156.700710758047}, "Total-Surplus": {"mean": 39992120.839151114, "total": 3999212083.915111, "sd": 26209.308701691698}, "Market-Surplus": {"mean": -36167.53431708135, "total": -3616753.4317081347, "sd": 21653.13562014192}}