{"ZI": {"mean": 28939.941529057538, "total": 2893994.152905754, "sd": 90339.34300552952}, "Benchmark-Manipulator": {"mean": 39958771.88953823, "total": 3995877188.9538226, "sd": 89874.17425960123}, "Benchmark-Manipulator-Market-Performance": {"mean": -65234.35130692802, "total": -6523435.130692802, "sd": 90865.56893999406}, "Benchmark-Manipulator-Benchmark-Performance": {"mean": 40024006.24084516, "total": 4002400624.0845156, "sd": 24202.165127743036}, "Total-Surplus": {"mean": 39987711.83106728, "total": 3998771183.106728, "sd": 31040.44193656087}, "Market-Surplus": {"mean": -36294.4097778707, "total": -3629440.97778707, "sd": 21063.013511072502}}