{"ZI": {"mean": 46555.68212220854, "total": 4655568.212220854, "sd": 97336.5505777422}, "Benchmark-Manipulator": {"mean": 39944388.79807151, "total": 3994438879.807151, "sd": 102669.97333968239}, "Benchmark-Manipulator-Market-Performance": {"mean": -84760.6339421028, "total": -8476063.394210279, "sd": 96948.93882456134}, "Benchmark-Manipulator-Benchmark-Performance": {"mean": 40029149.432013616, "total": 4002914943.2013617, "sd": 22554.47188403076}, "Total-Surplus": {"mean": 39990944.48019372, "total": 3999094448.019372, "sd": 25442.625681780224}, "Market-Surplus": {"mean": -38204.95181989424, "total": -3820495.181989424, "sd": 19658.226494459454}}