{"ZI": {"mean": 26917.16786997933, "total": 2691716.786997933, "sd": 109181.91203499497}, "Benchmark-Manipulator": {"mean": 39960441.442765996, "total": 3996044144.2766, "sd": 110016.65704587624}, "Benchmark-Manipulator-Market-Performance": {"mean": -64134.19306327738, "total": -6413419.306327738, "sd": 112837.6531842686}, "Benchmark-Manipulator-Benchmark-Performance": {"mean": 40024575.63582927, "total": 4002457563.582927, "sd": 24799.286630755494}, "Total-Surplus": {"mean": 39987358.61063597, "total": 3998735861.0635977, "sd": 26633.36423927361}, "Market-Surplus": {"mean": -37217.02519329846, "total": -3721702.519329846, "sd": 22865.484458880626}}