{"ZI": {"mean": 32091.025393107222, "total": 3209102.539310722, "sd": 95826.86885006243}, "Benchmark-Manipulator": {"mean": 39958963.64966567, "total": 3995896364.966567, "sd": 99847.88902181714}, "Benchmark-Manipulator-Market-Performance": {"mean": -68172.84737739168, "total": -6817284.737739168, "sd": 98049.15396016258}, "Benchmark-Manipulator-Benchmark-Performance": {"mean": 40027136.49704307, "total": 4002713649.704307, "sd": 23220.223724593172}, "Total-Surplus": {"mean": 39991054.67505878, "total": 3999105467.505878, "sd": 28273.9686006025}, "Market-Surplus": {"mean": -36081.82198428452, "total": -3608182.198428452, "sd": 20180.941962543584}}