{"ZI": {"mean": 27208.03939644183, "total": 2720803.939644183, "sd": 106933.07278326148}, "Benchmark-Manipulator": {"mean": 39956658.87895674, "total": 3995665887.895674, "sd": 111761.28825272179}, "Benchmark-Manipulator-Market-Performance": {"mean": -71157.59914806225, "total": -7115759.914806224, "sd": 108710.63458908883}, "Benchmark-Manipulator-Benchmark-Performance": {"mean": 40027816.47810481, "total": 4002781647.810481, "sd": 26158.130062264896}, "Total-Surplus": {"mean": 39983866.91835319, "total": 3998386691.835319, "sd": 27772.72363079514}, "Market-Surplus": {"mean": -43949.55975162066, "total": -4394955.9751620665, "sd": 19185.486531098097}}