{"ZI": {"mean": 8892.515334682472, "total": 889251.5334682472, "sd": 95339.31681342942}, "Benchmark-Manipulator": {"mean": 39980179.54689534, "total": 3998017954.689534, "sd": 99858.3841560654}, "Benchmark-Manipulator-Market-Performance": {"mean": -50276.72082888588, "total": -5027672.082888588, "sd": 96337.24059068847}, "Benchmark-Manipulator-Benchmark-Performance": {"mean": 40030456.26772423, "total": 4003045626.7724233, "sd": 21648.765690850683}, "Total-Surplus": {"mean": 39989072.06223003, "total": 3998907206.223003, "sd": 25934.657999013914}, "Market-Surplus": {"mean": -41384.20549420245, "total": -4138420.549420245, "sd": 23182.36533816552}}