{"ZI": {"mean": 16408.084314072494, "total": 1640808.4314072493, "sd": 86473.89130980987}, "Benchmark-Manipulator": {"mean": 39971992.82810451, "total": 3997199282.810451, "sd": 91801.01922734098}, "Benchmark-Manipulator-Market-Performance": {"mean": -55801.27337386765, "total": -5580127.337386765, "sd": 89844.09305734764}, "Benchmark-Manipulator-Benchmark-Performance": {"mean": 40027794.101478375, "total": 4002779410.1478376, "sd": 24492.80535773846}, "Total-Surplus": {"mean": 39988400.912418574, "total": 3998840091.2418575, "sd": 29278.81389407872}, "Market-Surplus": {"mean": -39393.18905979551, "total": -3939318.9059795514, "sd": 22291.71456063858}}