{"ZI": {"mean": 17707.956238832936, "total": 1770795.6238832937, "sd": 94438.90636401398}, "Benchmark-Manipulator": {"mean": 39969971.13963675, "total": 3996997113.9636745, "sd": 100667.16192333514}, "Benchmark-Manipulator-Market-Performance": {"mean": -54944.712521755995, "total": -5494471.252175599, "sd": 96484.80762343982}, "Benchmark-Manipulator-Benchmark-Performance": {"mean": 40024915.8521585, "total": 4002491585.2158504, "sd": 26565.470504593082}, "Total-Surplus": {"mean": 39987679.095875576, "total": 3998767909.587558, "sd": 30331.10188458302}, "Market-Surplus": {"mean": -37236.756282922775, "total": -3723675.6282922775, "sd": 23374.19174525778}}