{"ZI": {"mean": 35097.13438146988, "total": 3509713.4381469875, "sd": 98022.45471208046}, "Benchmark-Manipulator": {"mean": 39952318.73034722, "total": 3995231873.0347223, "sd": 98440.48448417074}, "Benchmark-Manipulator-Market-Performance": {"mean": -74515.29448893391, "total": -7451529.448893391, "sd": 99371.67985103698}, "Benchmark-Manipulator-Benchmark-Performance": {"mean": 40026834.02483616, "total": 4002683402.483616, "sd": 25206.88001830389}, "Total-Surplus": {"mean": 39987415.8647287, "total": 3998741586.4728694, "sd": 28621.316368903823}, "Market-Surplus": {"mean": -39418.16010746404, "total": -3941816.0107464045, "sd": 18963.49351152142}}