{"ZI": {"mean": 30211.747388729164, "total": 3021174.7388729164, "sd": 104642.78124122653}, "Benchmark-Manipulator": {"mean": 39953118.62523597, "total": 3995311862.523597, "sd": 109859.75061698143}, "Benchmark-Manipulator-Market-Performance": {"mean": -70544.74573274315, "total": -7054474.573274314, "sd": 104662.0915870112}, "Benchmark-Manipulator-Benchmark-Performance": {"mean": 40023663.370968714, "total": 4002366337.0968714, "sd": 23841.782222702004}, "Total-Surplus": {"mean": 39983330.372624695, "total": 3998333037.26247, "sd": 26727.291448644286}, "Market-Surplus": {"mean": -40332.99834401391, "total": -4033299.8344013914, "sd": 18658.483524010302}}