{"ZI": {"mean": 18180.950961640756, "total": 1818095.0961640754, "sd": 93899.59177762836}, "Benchmark-Manipulator": {"mean": 39962427.18641879, "total": 3996242718.6418786, "sd": 95407.52845202705}, "Benchmark-Manipulator-Market-Performance": {"mean": -62121.80621493183, "total": -6212180.621493183, "sd": 95494.59687650306}, "Benchmark-Manipulator-Benchmark-Performance": {"mean": 40024548.99263371, "total": 4002454899.263371, "sd": 22459.69642884678}, "Total-Surplus": {"mean": 39980608.13738042, "total": 3998060813.738042, "sd": 26662.17384198266}, "Market-Surplus": {"mean": -43940.855253291506, "total": -4394085.52532915, "sd": 18299.632603514474}}