{"ZI": {"mean": 24551.793030524826, "total": 2455179.3030524827, "sd": 103719.68536116756}, "Benchmark-Manipulator": {"mean": 39961876.626159854, "total": 3996187662.6159854, "sd": 106354.3242676722}, "Benchmark-Manipulator-Market-Performance": {"mean": -64785.807697891745, "total": -6478580.769789174, "sd": 103385.96413186143}, "Benchmark-Manipulator-Benchmark-Performance": {"mean": 40026662.43385775, "total": 4002666243.3857746, "sd": 20993.516735328005}, "Total-Surplus": {"mean": 39986428.419190384, "total": 3998642841.919039, "sd": 23476.865997044977}, "Market-Surplus": {"mean": -40234.01466736674, "total": -4023401.4667366743, "sd": 17828.525444681483}}