{"ZI": {"mean": 5299.396869101999, "total": 529939.6869101999, "sd": 96553.29987778868}, "Benchmark-Manipulator": {"mean": 39982246.20950749, "total": 3998224620.950749, "sd": 100635.14058306588}, "Benchmark-Manipulator-Market-Performance": {"mean": -45005.13530439869, "total": -4500513.530439869, "sd": 98043.52426928014}, "Benchmark-Manipulator-Benchmark-Performance": {"mean": 40027251.34481189, "total": 4002725134.481189, "sd": 23504.506441529174}, "Total-Surplus": {"mean": 39987545.606376596, "total": 3998754560.6376595, "sd": 25042.252079266073}, "Market-Surplus": {"mean": -39705.738435296415, "total": -3970573.8435296416, "sd": 21010.61148622248}}