{"ZI": {"mean": 10834.621999006928, "total": 1083462.1999006928, "sd": 108239.09350559126}, "Benchmark-Manipulator": {"mean": 39973428.74184633, "total": 3997342874.1846333, "sd": 106781.27312756388}, "Benchmark-Manipulator-Market-Performance": {"mean": -48867.18924157515, "total": -4886718.924157515, "sd": 105846.14031285192}, "Benchmark-Manipulator-Benchmark-Performance": {"mean": 40022295.93108792, "total": 4002229593.108792, "sd": 24408.672422492487}, "Total-Surplus": {"mean": 39984263.36384535, "total": 3998426336.384535, "sd": 27617.358492043615}, "Market-Surplus": {"mean": -38032.567242568584, "total": -3803256.724256858, "sd": 21660.676455029967}}