{"ZI": {"mean": 12947.718843787956, "total": 1294771.8843787955, "sd": 100928.60971064625}, "Benchmark-Manipulator": {"mean": 39978568.19426231, "total": 3997856819.4262314, "sd": 104803.3782494752}, "Benchmark-Manipulator-Market-Performance": {"mean": -49222.57398058422, "total": -4922257.398058422, "sd": 104337.19061374928}, "Benchmark-Manipulator-Benchmark-Performance": {"mean": 40027790.7682429, "total": 4002779076.8242903, "sd": 24631.28370862586}, "Total-Surplus": {"mean": 39991515.913106106, "total": 3999151591.3106103, "sd": 28372.66447414903}, "Market-Surplus": {"mean": -36274.85513679631, "total": -3627485.513679631, "sd": 20007.736372297837}}