{"ZI": {"mean": 14772.765807308797, "total": 1477276.5807308797, "sd": 105725.72517024983}, "Benchmark-Manipulator": {"mean": 39978249.85434261, "total": 3997824985.434261, "sd": 115468.0877768451}, "Benchmark-Manipulator-Market-Performance": {"mean": -48681.443305291235, "total": -4868144.330529124, "sd": 109495.59525570055}, "Benchmark-Manipulator-Benchmark-Performance": {"mean": 40026931.2976479, "total": 4002693129.76479, "sd": 27142.909841976183}, "Total-Surplus": {"mean": 39993022.62014992, "total": 3999302262.0149918, "sd": 29607.818261406974}, "Market-Surplus": {"mean": -33908.677497982455, "total": -3390867.7497982457, "sd": 22204.329853722986}}