{"ZI": {"mean": 20127.21408117694, "total": 2012721.4081176938, "sd": 99138.58145027241}, "Benchmark-Manipulator": {"mean": 39963841.29792201, "total": 3996384129.7922006, "sd": 102354.69481358501}, "Benchmark-Manipulator-Market-Performance": {"mean": -60795.815374028236, "total": -6079581.537402824, "sd": 97968.50539429698}, "Benchmark-Manipulator-Benchmark-Performance": {"mean": 40024637.11329603, "total": 4002463711.329603, "sd": 24825.406027359615}, "Total-Surplus": {"mean": 39983968.512003176, "total": 3998396851.200318, "sd": 25107.586381756602}, "Market-Surplus": {"mean": -40668.601292851345, "total": -4066860.1292851344, "sd": 18909.70035272033}}