{"ZI": {"mean": 13935.204771598997, "total": 1393520.4771598997, "sd": 98835.18549690678}, "Benchmark-Manipulator": {"mean": 39968881.988297515, "total": 3996888198.8297515, "sd": 99527.63377060034}, "Benchmark-Manipulator-Market-Performance": {"mean": -53597.63315907337, "total": -5359763.315907337, "sd": 97889.00969794176}, "Benchmark-Manipulator-Benchmark-Performance": {"mean": 40022479.62145659, "total": 4002247962.145659, "sd": 23253.24904004312}, "Total-Surplus": {"mean": 39982817.193069115, "total": 3998281719.3069115, "sd": 25658.941604522235}, "Market-Surplus": {"mean": -39662.42838747427, "total": -3966242.838747427, "sd": 22027.85887396232}}