{"ZI": {"mean": 31904.500712362114, "total": 3190450.0712362113, "sd": 104200.42007362877}, "Benchmark-Manipulator": {"mean": 39961211.467025936, "total": 3996121146.7025933, "sd": 110247.22793762712}, "Benchmark-Manipulator-Market-Performance": {"mean": -71529.20236904293, "total": -7152920.236904293, "sd": 107892.77629496397}, "Benchmark-Manipulator-Benchmark-Performance": {"mean": 40032740.66939498, "total": 4003274066.9394975, "sd": 25601.545370795116}, "Total-Surplus": {"mean": 39993115.96773829, "total": 3999311596.7738295, "sd": 28715.58468773395}, "Market-Surplus": {"mean": -39624.701656681, "total": -3962470.1656681, "sd": 19145.14956145244}}