{"ZI": {"mean": 6047.674577092718, "total": 604767.4577092718, "sd": 104188.60154836741}, "Benchmark-Manipulator": {"mean": 39979890.5720885, "total": 3997989057.20885, "sd": 105054.53667676233}, "Benchmark-Manipulator-Market-Performance": {"mean": -47773.87352670766, "total": -4777387.352670766, "sd": 106508.07185779109}, "Benchmark-Manipulator-Benchmark-Performance": {"mean": 40027664.44561522, "total": 4002766444.5615215, "sd": 24475.640877057678}, "Total-Surplus": {"mean": 39985938.24666559, "total": 3998593824.666559, "sd": 30775.390573957575}, "Market-Surplus": {"mean": -41726.19894961536, "total": -4172619.894961536, "sd": 20260.49129582659}}