{"ZI": {"mean": 34680.89882484264, "total": 3468089.882484264, "sd": 103452.33012495587}, "Benchmark-Manipulator": {"mean": 39948966.996283986, "total": 3994896699.6283984, "sd": 103973.07480196659}, "Benchmark-Manipulator-Market-Performance": {"mean": -74527.53366055488, "total": -7452753.366055489, "sd": 104973.32790191653}, "Benchmark-Manipulator-Benchmark-Performance": {"mean": 40023494.52994454, "total": 4002349452.994454, "sd": 23390.735894165984}, "Total-Surplus": {"mean": 39983647.89510883, "total": 3998364789.510883, "sd": 27627.41793212507}, "Market-Surplus": {"mean": -39846.63483571276, "total": -3984663.483571276, "sd": 19942.092531122904}}