{"ZI": {"mean": 21312.92525565362, "total": 2131292.525565362, "sd": 101390.23609940789}, "Benchmark-Manipulator": {"mean": 39968600.32192122, "total": 3996860032.1921225, "sd": 104788.6188273548}, "Benchmark-Manipulator-Market-Performance": {"mean": -62207.41892832287, "total": -6220741.892832287, "sd": 101850.58959622974}, "Benchmark-Manipulator-Benchmark-Performance": {"mean": 40030807.740849555, "total": 4003080774.084955, "sd": 21992.457907194257}, "Total-Surplus": {"mean": 39989913.24717688, "total": 3998991324.717688, "sd": 28838.726575293953}, "Market-Surplus": {"mean": -40894.4936726696, "total": -4089449.3672669604, "sd": 23474.66298174486}}