{"ZI": {"mean": 18004.800492163227, "total": 1800480.0492163228, "sd": 87632.36702745174}, "Benchmark-Manipulator": {"mean": 39968991.12984578, "total": 3996899112.9845786, "sd": 91474.25432814534}, "Benchmark-Manipulator-Market-Performance": {"mean": -57703.155075704606, "total": -5770315.50757046, "sd": 89419.9077045411}, "Benchmark-Manipulator-Benchmark-Performance": {"mean": 40026694.28492149, "total": 4002669428.492149, "sd": 22704.126871769}, "Total-Surplus": {"mean": 39986995.93033794, "total": 3998699593.0337944, "sd": 29796.550140027783}, "Market-Surplus": {"mean": -39698.35458354116, "total": -3969835.4583541155, "sd": 23147.69502187377}}