{"ZI": {"mean": 22423.162955132342, "total": 2242316.295513234, "sd": 102887.08851283242}, "Benchmark-Manipulator": {"mean": 39963932.26667099, "total": 3996393226.6670985, "sd": 108494.66842596304}, "Benchmark-Manipulator-Market-Performance": {"mean": -61908.34669005498, "total": -6190834.669005498, "sd": 104785.93883346686}, "Benchmark-Manipulator-Benchmark-Performance": {"mean": 40025840.613361046, "total": 4002584061.3361044, "sd": 21298.753376813085}, "Total-Surplus": {"mean": 39986355.42962612, "total": 3998635542.962612, "sd": 26326.799685999325}, "Market-Surplus": {"mean": -39485.183734923005, "total": -3948518.3734923005, "sd": 20813.16865261466}}