{"ZI": {"mean": 22991.840814778476, "total": 2299184.0814778474, "sd": 91751.53806070208}, "Benchmark-Manipulator": {"mean": 39965827.26695231, "total": 3996582726.6952314, "sd": 98802.37925869408}, "Benchmark-Manipulator-Market-Performance": {"mean": -62980.08519717798, "total": -6298008.519717798, "sd": 94987.7540034588}, "Benchmark-Manipulator-Benchmark-Performance": {"mean": 40028807.352149494, "total": 4002880735.2149496, "sd": 22985.24841804109}, "Total-Surplus": {"mean": 39988819.1077671, "total": 3998881910.77671, "sd": 27406.907885848854}, "Market-Surplus": {"mean": -39988.24438239962, "total": -3998824.438239962, "sd": 20170.356412761925}}