{"ZI": {"mean": 32086.534371664882, "total": 3208653.4371664883, "sd": 96758.9490653336}, "Benchmark-Manipulator": {"mean": 39951185.30769603, "total": 3995118530.7696033, "sd": 102116.82676776762}, "Benchmark-Manipulator-Market-Performance": {"mean": -70582.21186160416, "total": -7058221.186160415, "sd": 97268.13803171876}, "Benchmark-Manipulator-Benchmark-Performance": {"mean": 40021767.51955764, "total": 4002176751.955764, "sd": 25266.870310133705}, "Total-Surplus": {"mean": 39983271.84206769, "total": 3998327184.206769, "sd": 30207.742251941592}, "Market-Surplus": {"mean": -38495.67748993948, "total": -3849567.748993948, "sd": 21777.884556782312}}