{"ZI": {"mean": 14993.986592887251, "total": 1499398.6592887251, "sd": 100427.88806143691}, "Benchmark-Manipulator": {"mean": 39977279.08167793, "total": 3997727908.167793, "sd": 110067.54061294896}, "Benchmark-Manipulator-Market-Performance": {"mean": -53192.627873189376, "total": -5319262.7873189375, "sd": 105757.4260973596}, "Benchmark-Manipulator-Benchmark-Performance": {"mean": 40030471.70955112, "total": 4003047170.955112, "sd": 22941.44417702237}, "Total-Surplus": {"mean": 39992273.06827082, "total": 3999227306.8270817, "sd": 30619.90023482556}, "Market-Surplus": {"mean": -38198.64128030166, "total": -3819864.128030166, "sd": 21203.71226451204}}