{"ZI": {"mean": 6314.366880605813, "total": 631436.6880605813, "sd": 95036.60914766039}, "Benchmark-Manipulator": {"mean": 39980759.045343176, "total": 3998075904.5343175, "sd": 94455.67906138422}, "Benchmark-Manipulator-Market-Performance": {"mean": -44612.40349530838, "total": -4461240.349530838, "sd": 95242.89449790376}, "Benchmark-Manipulator-Benchmark-Performance": {"mean": 40025371.44883848, "total": 4002537144.883848, "sd": 22708.807575842977}, "Total-Surplus": {"mean": 39987073.412223786, "total": 3998707341.2223783, "sd": 29362.16582548168}, "Market-Surplus": {"mean": -38298.03661470182, "total": -3829803.6614701822, "sd": 20481.830293142142}}