{"ZI": {"mean": 21882.050209807247, "total": 2188205.0209807246, "sd": 95218.7941091881}, "Benchmark-Manipulator": {"mean": 39966960.59649554, "total": 3996696059.649554, "sd": 96885.22186488254}, "Benchmark-Manipulator-Market-Performance": {"mean": -62607.10347283036, "total": -6260710.3472830355, "sd": 98100.51150974447}, "Benchmark-Manipulator-Benchmark-Performance": {"mean": 40029567.69996837, "total": 4002956769.9968367, "sd": 27348.814633747646}, "Total-Surplus": {"mean": 39988842.646705344, "total": 3998884264.670534, "sd": 30406.824636233498}, "Market-Surplus": {"mean": -40725.05326302335, "total": -4072505.3263023347, "sd": 23430.350603735107}}