{"ZI": {"mean": 35943.15418061713, "total": 3594315.4180617128, "sd": 104008.21246475003}, "Benchmark-Manipulator": {"mean": 39953508.27220647, "total": 3995350827.2206473, "sd": 107340.4330650223}, "Benchmark-Manipulator-Market-Performance": {"mean": -77009.894388057, "total": -7700989.438805699, "sd": 103535.76618753497}, "Benchmark-Manipulator-Benchmark-Performance": {"mean": 40030518.16659453, "total": 4003051816.659453, "sd": 24177.704408831287}, "Total-Surplus": {"mean": 39989451.42638709, "total": 3998945142.6387086, "sd": 25870.430201734413}, "Market-Surplus": {"mean": -41066.74020743966, "total": -4106674.020743966, "sd": 19386.774927036775}}