{"ZI": {"mean": 37309.60550429736, "total": 3730960.5504297363, "sd": 106089.18315583524}, "Benchmark-Manipulator": {"mean": 39949359.02438305, "total": 3994935902.4383054, "sd": 105825.68589626638}, "Benchmark-Manipulator-Market-Performance": {"mean": -76613.92841459536, "total": -7661392.841459535, "sd": 107350.27290737523}, "Benchmark-Manipulator-Benchmark-Performance": {"mean": 40025972.952797644, "total": 4002597295.279764, "sd": 27321.534385915358}, "Total-Surplus": {"mean": 39986668.62988735, "total": 3998666862.988735, "sd": 30430.360074254666}, "Market-Surplus": {"mean": -39304.32291029759, "total": -3930432.2910297588, "sd": 23689.150637348816}}