{"ZI": {"mean": 29336.034711118045, "total": 2933603.4711118047, "sd": 99530.93214822921}, "Benchmark-Manipulator": {"mean": 39957109.25317304, "total": 3995710925.3173037, "sd": 107212.32088762878}, "Benchmark-Manipulator-Market-Performance": {"mean": -69830.17003289297, "total": -6983017.003289297, "sd": 101102.87206889523}, "Benchmark-Manipulator-Benchmark-Performance": {"mean": 40026939.423205934, "total": 4002693942.3205934, "sd": 24965.293632523306}, "Total-Surplus": {"mean": 39986445.28788416, "total": 3998644528.788416, "sd": 29330.975760505404}, "Market-Surplus": {"mean": -40494.13532177463, "total": -4049413.532177463, "sd": 20259.76986111551}}