{"ZI": {"mean": 9892.208845091738, "total": 989220.8845091738, "sd": 95109.96828475244}, "Benchmark-Manipulator": {"mean": 39976593.13143239, "total": 3997659313.143239, "sd": 97765.05134799598}, "Benchmark-Manipulator-Market-Performance": {"mean": -52629.81997686148, "total": -5262981.997686148, "sd": 94714.71450056296}, "Benchmark-Manipulator-Benchmark-Performance": {"mean": 40029222.95140925, "total": 4002922295.140925, "sd": 27638.21530721963}, "Total-Surplus": {"mean": 39986485.34027748, "total": 3998648534.027748, "sd": 30369.90294885516}, "Market-Surplus": {"mean": -42737.61113176964, "total": -4273761.113176964, "sd": 22247.17682278024}}