{"ZI": {"mean": 25390.168436873937, "total": 2539016.8436873937, "sd": 94730.7261903435}, "Benchmark-Manipulator": {"mean": 39964282.10415957, "total": 3996428210.4159575, "sd": 100002.50851647682}, "Benchmark-Manipulator-Market-Performance": {"mean": -60838.190781740326, "total": -6083819.078174032, "sd": 98430.1800548378}, "Benchmark-Manipulator-Benchmark-Performance": {"mean": 40025120.29494131, "total": 4002512029.494131, "sd": 24463.056265036666}, "Total-Surplus": {"mean": 39989672.27259645, "total": 3998967227.2596445, "sd": 25710.07705546908}, "Market-Surplus": {"mean": -35448.0223448661, "total": -3544802.2344866097, "sd": 22152.452418859175}}