{"ZI": {"mean": 21021.726696448713, "total": 2102172.6696448713, "sd": 86659.88740243342}, "Benchmark-Manipulator": {"mean": 39962383.41795209, "total": 3996238341.7952094, "sd": 93791.72029427768}, "Benchmark-Manipulator-Market-Performance": {"mean": -62584.8092270454, "total": -6258480.92270454, "sd": 90612.96367064802}, "Benchmark-Manipulator-Benchmark-Performance": {"mean": 40024968.22717914, "total": 4002496822.717914, "sd": 25104.26047857231}, "Total-Surplus": {"mean": 39983405.14464855, "total": 3998340514.464855, "sd": 29659.813784715276}, "Market-Surplus": {"mean": -41563.08253059663, "total": -4156308.253059663, "sd": 23586.071429478667}}