{"ZI": {"mean": 14830.267462366384, "total": 1483026.7462366384, "sd": 115274.49443381987}, "Benchmark-Manipulator": {"mean": 39973651.49988276, "total": 3997365149.988276, "sd": 121418.59657686736}, "Benchmark-Manipulator-Market-Performance": {"mean": -52301.221679613365, "total": -5230122.167961337, "sd": 116042.30771613328}, "Benchmark-Manipulator-Benchmark-Performance": {"mean": 40025952.72156237, "total": 4002595272.156237, "sd": 22406.878437076633}, "Total-Surplus": {"mean": 39988481.76734512, "total": 3998848176.7345123, "sd": 28497.64311066548}, "Market-Surplus": {"mean": -37470.95421724744, "total": -3747095.421724744, "sd": 22659.48865637222}}