{"ZI": {"mean": 39339.20714305196, "total": 3933920.714305196, "sd": 102944.16379781399}, "Benchmark-Manipulator": {"mean": 39949935.42729118, "total": 3994993542.729118, "sd": 101703.85691014482}, "Benchmark-Manipulator-Market-Performance": {"mean": -77846.87318194524, "total": -7784687.318194523, "sd": 100765.56556500803}, "Benchmark-Manipulator-Benchmark-Performance": {"mean": 40027782.300473124, "total": 4002778230.0473123, "sd": 24972.975702086063}, "Total-Surplus": {"mean": 39989274.63443423, "total": 3998927463.4434233, "sd": 30964.150508210118}, "Market-Surplus": {"mean": -38507.66603889279, "total": -3850766.603889279, "sd": 23932.25822351571}}