{"ZI": {"mean": 47010.44278822225, "total": 4701044.2788222255, "sd": 110231.73009550893}, "Benchmark-Manipulator": {"mean": 39943410.39552728, "total": 3994341039.552728, "sd": 112561.96735689232}, "Benchmark-Manipulator-Market-Performance": {"mean": -84696.43745238439, "total": -8469643.745238438, "sd": 110781.99335198042}, "Benchmark-Manipulator-Benchmark-Performance": {"mean": 40028106.832979664, "total": 4002810683.2979665, "sd": 22790.69148546353}, "Total-Surplus": {"mean": 39990420.83831551, "total": 3999042083.831551, "sd": 25726.64000984152}, "Market-Surplus": {"mean": -37685.99466416173, "total": -3768599.4664161727, "sd": 18593.33438471936}}