{"ZI": {"mean": 29461.258806512065, "total": 2946125.8806512067, "sd": 108739.03184738285}, "Benchmark-Manipulator": {"mean": 39959231.97296399, "total": 3995923197.296399, "sd": 113063.52482512871}, "Benchmark-Manipulator-Market-Performance": {"mean": -68481.83555982828, "total": -6848183.555982828, "sd": 109343.51308065005}, "Benchmark-Manipulator-Benchmark-Performance": {"mean": 40027713.808523834, "total": 4002771380.852383, "sd": 24260.307375533364}, "Total-Surplus": {"mean": 39988693.23177051, "total": 3998869323.177051, "sd": 28653.238225728375}, "Market-Surplus": {"mean": -39020.57675331645, "total": -3902057.6753316447, "sd": 21615.528230567113}}