{"ZI": {"mean": 17647.110753804784, "total": 1764711.0753804785, "sd": 99710.80758069907}, "Benchmark-Manipulator": {"mean": 39972072.75613628, "total": 3997207275.6136284, "sd": 100184.41911831782}, "Benchmark-Manipulator-Market-Performance": {"mean": -54399.54330288969, "total": -5439954.330288969, "sd": 100117.6983606903}, "Benchmark-Manipulator-Benchmark-Performance": {"mean": 40026472.29943917, "total": 4002647229.9439173, "sd": 25496.55117419597}, "Total-Surplus": {"mean": 39989719.86689009, "total": 3998971986.6890087, "sd": 29811.92527870405}, "Market-Surplus": {"mean": -36752.432549084275, "total": -3675243.2549084276, "sd": 20908.1173150592}}