{"ZI": {"mean": 24621.048477061657, "total": 2462104.8477061656, "sd": 95802.02102568257}, "Benchmark-Manipulator": {"mean": 39963541.12945037, "total": 3996354112.9450374, "sd": 101659.63957580266}, "Benchmark-Manipulator-Market-Performance": {"mean": -66217.32887063488, "total": -6621732.887063488, "sd": 94097.62029486548}, "Benchmark-Manipulator-Benchmark-Performance": {"mean": 40029758.458321005, "total": 4002975845.8321004, "sd": 25060.648308860444}, "Total-Surplus": {"mean": 39988162.177927434, "total": 3998816217.792743, "sd": 31562.87343210577}, "Market-Surplus": {"mean": -41596.280393573266, "total": -4159628.039357327, "sd": 24471.28565407671}}