{"ZI": {"mean": 26519.4466524326, "total": 2651944.66524326, "sd": 99290.24042213515}, "Benchmark-Manipulator": {"mean": 39960471.053179614, "total": 3996047105.317961, "sd": 100241.29432497233}, "Benchmark-Manipulator-Market-Performance": {"mean": -67156.64646016143, "total": -6715664.646016143, "sd": 98167.4869225322}, "Benchmark-Manipulator-Benchmark-Performance": {"mean": 40027627.699639775, "total": 4002762769.9639773, "sd": 24263.503068807582}, "Total-Surplus": {"mean": 39986990.49983205, "total": 3998699049.983205, "sd": 26747.389770745736}, "Market-Surplus": {"mean": -40637.19980772838, "total": -4063719.980772838, "sd": 20786.376301639648}}