{"ZI": {"mean": 37343.209848681334, "total": 3734320.9848681334, "sd": 92894.348939309}, "Benchmark-Manipulator": {"mean": 39953230.62807096, "total": 3995323062.8070955, "sd": 98965.28487758458}, "Benchmark-Manipulator-Market-Performance": {"mean": -74696.32456707217, "total": -7469632.456707217, "sd": 96452.1620066815}, "Benchmark-Manipulator-Benchmark-Performance": {"mean": 40027926.95263802, "total": 4002792695.2638025, "sd": 24538.200762951885}, "Total-Surplus": {"mean": 39990573.83791963, "total": 3999057383.791963, "sd": 28549.650988913312}, "Market-Surplus": {"mean": -37353.114718391225, "total": -3735311.4718391225, "sd": 23000.1964160466}}