{"ZI": {"mean": 26924.01891595276, "total": 2692401.891595276, "sd": 91607.73887156739}, "Benchmark-Manipulator": {"mean": 39959500.95630999, "total": 3995950095.6309986, "sd": 98812.7520662833}, "Benchmark-Manipulator-Market-Performance": {"mean": -66228.98930477895, "total": -6622898.930477895, "sd": 94840.23109028423}, "Benchmark-Manipulator-Benchmark-Performance": {"mean": 40025729.94561476, "total": 4002572994.561476, "sd": 26760.3865457678}, "Total-Surplus": {"mean": 39986424.97522593, "total": 3998642497.522593, "sd": 30757.58952772284}, "Market-Surplus": {"mean": -39304.97038882576, "total": -3930497.038882576, "sd": 20152.60783993324}}