{"ZI": {"mean": 26726.148050119624, "total": 2672614.8050119625, "sd": 101713.58579600902}, "Benchmark-Manipulator": {"mean": 39959948.56754902, "total": 3995994856.7549024, "sd": 106277.74126596382}, "Benchmark-Manipulator-Market-Performance": {"mean": -62793.815968819705, "total": -6279381.596881971, "sd": 102756.4363401019}, "Benchmark-Manipulator-Benchmark-Performance": {"mean": 40022742.38351784, "total": 4002274238.351784, "sd": 21984.50322003007}, "Total-Surplus": {"mean": 39986674.71559915, "total": 3998667471.5599146, "sd": 26835.851526442704}, "Market-Surplus": {"mean": -36067.6679186999, "total": -3606766.7918699905, "sd": 21047.651799196537}}