{"ZI": {"mean": 42914.775367813716, "total": 4291477.536781372, "sd": 99410.80964449485}, "Benchmark-Manipulator": {"mean": 39948646.91800335, "total": 3994864691.8003354, "sd": 104355.0514052911}, "Benchmark-Manipulator-Market-Performance": {"mean": -81466.73299294949, "total": -8146673.299294949, "sd": 101591.72745849012}, "Benchmark-Manipulator-Benchmark-Performance": {"mean": 40030113.6509963, "total": 4003011365.09963, "sd": 23816.811741963596}, "Total-Surplus": {"mean": 39991561.69337117, "total": 3999156169.3371167, "sd": 25908.398664454657}, "Market-Surplus": {"mean": -38551.957625135925, "total": -3855195.762513593, "sd": 20826.2039777094}}