{"ZI": {"mean": 16121.272197825823, "total": 1612127.2197825823, "sd": 93413.98938452371}, "Benchmark-Manipulator": {"mean": 39972174.09084893, "total": 3997217409.084893, "sd": 96048.78690513085}, "Benchmark-Manipulator-Market-Performance": {"mean": -57316.1262355113, "total": -5731612.62355113, "sd": 94723.52555659958}, "Benchmark-Manipulator-Benchmark-Performance": {"mean": 40029490.217084445, "total": 4002949021.7084446, "sd": 22394.20621528953}, "Total-Surplus": {"mean": 39988295.36304676, "total": 3998829536.3046756, "sd": 26252.70437991644}, "Market-Surplus": {"mean": -41194.854037685094, "total": -4119485.4037685096, "sd": 21908.127599532003}}