{"ZI": {"mean": 23925.802946853386, "total": 2392580.2946853386, "sd": 100456.70360751603}, "Benchmark-Manipulator": {"mean": 39964681.88480844, "total": 3996468188.4808445, "sd": 106012.90666864629}, "Benchmark-Manipulator-Market-Performance": {"mean": -64403.86111866482, "total": -6440386.111866482, "sd": 105263.64492543535}, "Benchmark-Manipulator-Benchmark-Performance": {"mean": 40029085.7459271, "total": 4002908574.5927105, "sd": 24768.895280139433}, "Total-Surplus": {"mean": 39988607.6877553, "total": 3998860768.77553, "sd": 28062.821151176962}, "Market-Surplus": {"mean": -40478.05817181155, "total": -4047805.817181155, "sd": 20995.981490112492}}