{"ZI": {"mean": 4117.5536945957565, "total": 411755.3694595756, "sd": 107438.64839583657}, "Benchmark-Manipulator": {"mean": 39983403.02516098, "total": 3998340302.5160985, "sd": 112015.63101647727}, "Benchmark-Manipulator-Market-Performance": {"mean": -43622.78523420088, "total": -4362278.523420088, "sd": 111423.08464841537}, "Benchmark-Manipulator-Benchmark-Performance": {"mean": 40027025.81039518, "total": 4002702581.039518, "sd": 22792.731998066978}, "Total-Surplus": {"mean": 39987520.578855574, "total": 3998752057.885557, "sd": 25821.153508835785}, "Market-Surplus": {"mean": -39505.231539605484, "total": -3950523.1539605483, "sd": 23742.61914265484}}