{"ZI": {"mean": 9791.124639595873, "total": 979112.4639595873, "sd": 117182.56228022538}, "Benchmark-Manipulator": {"mean": 39978866.89603759, "total": 3997886689.6037593, "sd": 118362.539719017}, "Benchmark-Manipulator-Market-Performance": {"mean": -47557.543621121345, "total": -4755754.362112135, "sd": 118685.5373141002}, "Benchmark-Manipulator-Benchmark-Performance": {"mean": 40026424.43965871, "total": 4002642443.965871, "sd": 25437.8195529361}, "Total-Surplus": {"mean": 39988658.02067719, "total": 3998865802.0677185, "sd": 28283.511121264724}, "Market-Surplus": {"mean": -37766.41898152545, "total": -3776641.898152545, "sd": 23976.3617409266}}