{"ZI": {"mean": 18427.94792388008, "total": 1842794.792388008, "sd": 101059.80715562381}, "Benchmark-Manipulator": {"mean": 39970063.40656611, "total": 3997006340.656611, "sd": 104040.68178777158}, "Benchmark-Manipulator-Market-Performance": {"mean": -55045.579958177506, "total": -5504557.995817751, "sd": 101141.28764696041}, "Benchmark-Manipulator-Benchmark-Performance": {"mean": 40025108.986524284, "total": 4002510898.6524286, "sd": 26025.38467407438}, "Total-Surplus": {"mean": 39988491.35449, "total": 3998849135.4489994, "sd": 31055.526150070116}, "Market-Surplus": {"mean": -36617.63203429721, "total": -3661763.2034297213, "sd": 20846.644805536027}}