{"ZI": {"mean": 27317.662390052108, "total": 2731766.239005211, "sd": 106265.46352560482}, "Benchmark-Manipulator": {"mean": 39959150.930061, "total": 3995915093.0060997, "sd": 107640.86357803934}, "Benchmark-Manipulator-Market-Performance": {"mean": -65723.99348486334, "total": -6572399.348486334, "sd": 106230.43025762592}, "Benchmark-Manipulator-Benchmark-Performance": {"mean": 40024874.92354587, "total": 4002487492.3545866, "sd": 24056.16403489074}, "Total-Surplus": {"mean": 39986468.59245106, "total": 3998646859.2451057, "sd": 30427.709884431057}, "Market-Surplus": {"mean": -38406.331094810965, "total": -3840633.1094810963, "sd": 20657.385842509295}}