{"ZI": {"mean": 12239.177512282964, "total": 1223917.7512282964, "sd": 97121.71711449865}, "Benchmark-Manipulator": {"mean": 39974469.91479784, "total": 3997446991.4797845, "sd": 99931.4994103676}, "Benchmark-Manipulator-Market-Performance": {"mean": -48642.317344327195, "total": -4864231.73443272, "sd": 98202.50308196303}, "Benchmark-Manipulator-Benchmark-Performance": {"mean": 40023112.23214217, "total": 4002311223.214217, "sd": 25198.97792303245}, "Total-Surplus": {"mean": 39986709.09231013, "total": 3998670909.2310133, "sd": 28546.144946574146}, "Market-Surplus": {"mean": -36403.139832043795, "total": -3640313.9832043797, "sd": 19227.11986601571}}