{"ZI": {"mean": 34114.11668528293, "total": 3411411.668528293, "sd": 99722.64617049982}, "Benchmark-Manipulator": {"mean": 39953940.331221096, "total": 3995394033.12211, "sd": 100077.9363580038}, "Benchmark-Manipulator-Market-Performance": {"mean": -73374.67304218441, "total": -7337467.304218441, "sd": 99667.23199776185}, "Benchmark-Manipulator-Benchmark-Performance": {"mean": 40027315.00426328, "total": 4002731500.426328, "sd": 24673.472077630904}, "Total-Surplus": {"mean": 39988054.44790638, "total": 3998805444.7906384, "sd": 30129.935228750277}, "Market-Surplus": {"mean": -39260.5563569016, "total": -3926055.63569016, "sd": 22738.339769274273}}