{"ZI": {"mean": 335.61434997567267, "total": 33561.43499756727, "sd": 104619.08386903687}, "Benchmark-Manipulator": {"mean": 39987052.0014191, "total": 3998705200.1419096, "sd": 106074.17380734051}, "Benchmark-Manipulator-Market-Performance": {"mean": -39239.51821228906, "total": -3923951.8212289065, "sd": 108252.74201080075}, "Benchmark-Manipulator-Benchmark-Performance": {"mean": 40026291.519631386, "total": 4002629151.9631386, "sd": 23479.776093792916}, "Total-Surplus": {"mean": 39987387.61576907, "total": 3998738761.5769076, "sd": 26959.655909677604}, "Market-Surplus": {"mean": -38903.90386231318, "total": -3890390.386231318, "sd": 22496.293779633528}}