{"ZI": {"mean": 35168.76947536811, "total": 3516876.9475368117, "sd": 103892.69286305996}, "Benchmark-Manipulator": {"mean": 39951934.385262445, "total": 3995193438.5262446, "sd": 107853.85482486733}, "Benchmark-Manipulator-Market-Performance": {"mean": -74058.55503967844, "total": -7405855.503967844, "sd": 107449.47279866046}, "Benchmark-Manipulator-Benchmark-Performance": {"mean": 40025992.940302126, "total": 4002599294.0302124, "sd": 23796.43426613241}, "Total-Surplus": {"mean": 39987103.15473781, "total": 3998710315.473781, "sd": 25292.62019387707}, "Market-Surplus": {"mean": -38889.7855643107, "total": -3888978.55643107, "sd": 22674.44948178893}}