{"ZI": {"mean": 31769.057932767362, "total": 3176905.793276736, "sd": 91829.7214903451}, "Benchmark-Manipulator": {"mean": 39953896.12852211, "total": 3995389612.852211, "sd": 94365.92235739957}, "Benchmark-Manipulator-Market-Performance": {"mean": -72172.26407240488, "total": -7217226.407240488, "sd": 91548.41633817412}, "Benchmark-Manipulator-Benchmark-Performance": {"mean": 40026068.39259452, "total": 4002606839.259452, "sd": 26868.912770945295}, "Total-Surplus": {"mean": 39985665.186454885, "total": 3998566518.6454883, "sd": 29223.226768812438}, "Market-Surplus": {"mean": -40403.20613963768, "total": -4040320.613963768, "sd": 19229.43636951557}}