{"ZI": {"mean": 28402.973399755534, "total": 2840297.3399755536, "sd": 104716.54508532742}, "Benchmark-Manipulator": {"mean": 39959524.95663363, "total": 3995952495.663363, "sd": 107238.44452762994}, "Benchmark-Manipulator-Market-Performance": {"mean": -69745.58964788236, "total": -6974558.964788236, "sd": 105604.72587587325}, "Benchmark-Manipulator-Benchmark-Performance": {"mean": 40029270.54628151, "total": 4002927054.628151, "sd": 23584.581360610453}, "Total-Surplus": {"mean": 39987927.93003338, "total": 3998792793.003338, "sd": 26604.464550344586}, "Market-Surplus": {"mean": -41342.61624812655, "total": -4134261.624812655, "sd": 20627.040411380345}}