{"ZI": {"mean": 22910.19469378084, "total": 2291019.469378084, "sd": 114573.68623533881}, "Benchmark-Manipulator": {"mean": 39963227.922065355, "total": 3996322792.206536, "sd": 117381.85448290137}, "Benchmark-Manipulator-Market-Performance": {"mean": -63463.215471888405, "total": -6346321.547188841, "sd": 115619.7803277967}, "Benchmark-Manipulator-Benchmark-Performance": {"mean": 40026691.13753725, "total": 4002669113.7537246, "sd": 24753.5298370995}, "Total-Surplus": {"mean": 39986138.11675914, "total": 3998613811.6759133, "sd": 29679.07599418985}, "Market-Surplus": {"mean": -40553.02077810779, "total": -4055302.077810779, "sd": 19630.964826804975}}