{"ZI": {"mean": 21029.170877588767, "total": 2102917.087758877, "sd": 103409.42823961635}, "Benchmark-Manipulator": {"mean": 39966966.50870208, "total": 3996696650.870208, "sd": 108784.7870357141}, "Benchmark-Manipulator-Market-Performance": {"mean": -57731.77122160293, "total": -5773177.122160293, "sd": 103995.33967099916}, "Benchmark-Manipulator-Benchmark-Performance": {"mean": 40024698.279923685, "total": 4002469827.9923687, "sd": 24607.164516519497}, "Total-Surplus": {"mean": 39987995.67957967, "total": 3998799567.957967, "sd": 29392.178235643103}, "Market-Surplus": {"mean": -36702.60034401395, "total": -3670260.0344013944, "sd": 19222.430065947403}}