{"ZI": {"mean": 31646.706854160548, "total": 3164670.685416055, "sd": 102715.21282431111}, "Benchmark-Manipulator": {"mean": 39960730.66990416, "total": 3996073066.9904156, "sd": 109426.14404330356}, "Benchmark-Manipulator-Market-Performance": {"mean": -66993.90753371447, "total": -6699390.753371447, "sd": 106262.43116816995}, "Benchmark-Manipulator-Benchmark-Performance": {"mean": 40027724.57743787, "total": 4002772457.7437873, "sd": 23104.615982902556}, "Total-Surplus": {"mean": 39992377.37675831, "total": 3999237737.675831, "sd": 30015.97704701031}, "Market-Surplus": {"mean": -35347.20067955457, "total": -3534720.0679554567, "sd": 22041.834493795344}}