{"ZI": {"mean": 36872.58398276997, "total": 3687258.398276997, "sd": 98486.32065046333}, "Benchmark-Manipulator": {"mean": 39950850.42363086, "total": 3995085042.3630867, "sd": 99565.34278301516}, "Benchmark-Manipulator-Market-Performance": {"mean": -75264.02734730109, "total": -7526402.73473011, "sd": 101163.79326123872}, "Benchmark-Manipulator-Benchmark-Performance": {"mean": 40026114.45097817, "total": 4002611445.0978165, "sd": 25283.822702576825}, "Total-Surplus": {"mean": 39987723.00761364, "total": 3998772300.761364, "sd": 27650.088758775764}, "Market-Surplus": {"mean": -38391.443364530875, "total": -3839144.3364530876, "sd": 20739.19472887878}}