{"ZI": {"mean": 30827.1114371229, "total": 3082711.14371229, "sd": 101773.45090515746}, "Benchmark-Manipulator": {"mean": 39962214.78335918, "total": 3996221478.335918, "sd": 108409.24243590541}, "Benchmark-Manipulator-Market-Performance": {"mean": -68139.61148778535, "total": -6813961.148778535, "sd": 104044.65732440683}, "Benchmark-Manipulator-Benchmark-Performance": {"mean": 40030354.39484697, "total": 4003035439.484697, "sd": 22439.860483725668}, "Total-Surplus": {"mean": 39993041.894796304, "total": 3999304189.4796305, "sd": 30271.308836090862}, "Market-Surplus": {"mean": -37312.50005066261, "total": -3731250.0050662607, "sd": 20489.069189289952}}