{"ZI": {"mean": 26959.896329556053, "total": 2695989.632955605, "sd": 102876.85677434641}, "Benchmark-Manipulator": {"mean": 39962674.81716526, "total": 3996267481.7165265, "sd": 105245.01098707557}, "Benchmark-Manipulator-Market-Performance": {"mean": -66359.34364507541, "total": -6635934.364507541, "sd": 105526.29286179422}, "Benchmark-Manipulator-Benchmark-Performance": {"mean": 40029034.16081035, "total": 4002903416.081035, "sd": 22981.788339284558}, "Total-Surplus": {"mean": 39989634.71349482, "total": 3998963471.3494825, "sd": 29966.89315331582}, "Market-Surplus": {"mean": -39399.447315519305, "total": -3939944.7315519303, "sd": 22442.29149055584}}