{"ZI": {"mean": 41126.61729690252, "total": 4112661.7296902523, "sd": 93603.59345796001}, "Benchmark-Manipulator": {"mean": 39950568.29637621, "total": 3995056829.6376214, "sd": 97498.55049866001}, "Benchmark-Manipulator-Market-Performance": {"mean": -75239.4662578798, "total": -7523946.625787981, "sd": 94222.26305471198}, "Benchmark-Manipulator-Benchmark-Performance": {"mean": 40025807.7626341, "total": 4002580776.26341, "sd": 23995.770917103626}, "Total-Surplus": {"mean": 39991694.91367312, "total": 3999169491.3673115, "sd": 26381.805086518027}, "Market-Surplus": {"mean": -34112.84896097668, "total": -3411284.8960976675, "sd": 19156.89130095013}}