{"ZI": {"mean": 47284.93732072409, "total": 4728493.732072409, "sd": 104653.84760966666}, "Benchmark-Manipulator": {"mean": 39938793.61667829, "total": 3993879361.667829, "sd": 109369.71709523853}, "Benchmark-Manipulator-Market-Performance": {"mean": -86293.47530255675, "total": -8629347.530255675, "sd": 106939.91702190944}, "Benchmark-Manipulator-Benchmark-Performance": {"mean": 40025087.091980845, "total": 4002508709.198085, "sd": 22767.924522303674}, "Total-Surplus": {"mean": 39986078.55399902, "total": 3998607855.399902, "sd": 27109.641871371252}, "Market-Surplus": {"mean": -39008.537981832844, "total": -3900853.7981832847, "sd": 20910.69716793661}}