{"ZI": {"mean": 27295.061734569394, "total": 2729506.1734569394, "sd": 89607.59441723318}, "Benchmark-Manipulator": {"mean": 39957464.06076941, "total": 3995746406.0769405, "sd": 91502.67781301639}, "Benchmark-Manipulator-Market-Performance": {"mean": -65305.56463330522, "total": -6530556.463330522, "sd": 89451.72575525394}, "Benchmark-Manipulator-Benchmark-Performance": {"mean": 40022769.62540272, "total": 4002276962.5402718, "sd": 23520.7415318953}, "Total-Surplus": {"mean": 39984759.12250398, "total": 3998475912.250398, "sd": 25903.9986157017}, "Market-Surplus": {"mean": -38010.50289873563, "total": -3801050.2898735628, "sd": 19478.356869292158}}