{"ZI": {"mean": 41161.575941600146, "total": 4116157.5941600143, "sd": 96887.66155650002}, "Benchmark-Manipulator": {"mean": 39944723.81474504, "total": 3994472381.474504, "sd": 103074.9121659608}, "Benchmark-Manipulator-Market-Performance": {"mean": -79319.55700049535, "total": -7931955.700049534, "sd": 98625.76202890681}, "Benchmark-Manipulator-Benchmark-Performance": {"mean": 40024043.371745534, "total": 4002404337.1745534, "sd": 23356.81195052787}, "Total-Surplus": {"mean": 39985885.39068664, "total": 3998588539.068664, "sd": 27989.28401157462}, "Market-Surplus": {"mean": -38157.98105889462, "total": -3815798.105889462, "sd": 23849.217124355026}}