{"ZI": {"mean": 14875.900199956553, "total": 1487590.0199956554, "sd": 108585.47297099025}, "Benchmark-Manipulator": {"mean": 39978096.67439096, "total": 3997809667.4390955, "sd": 111308.34138761538}, "Benchmark-Manipulator-Market-Performance": {"mean": -47204.67934307732, "total": -4720467.934307732, "sd": 106239.47450585381}, "Benchmark-Manipulator-Benchmark-Performance": {"mean": 40025301.35373404, "total": 4002530135.3734035, "sd": 25937.035816302134}, "Total-Surplus": {"mean": 39992972.574590914, "total": 3999297257.4590917, "sd": 27948.933722387974}, "Market-Surplus": {"mean": -32328.779143120497, "total": -3232877.9143120497, "sd": 20034.970959347473}}