{"ZI": {"mean": 24293.790683716514, "total": 2429379.068371651, "sd": 104665.26157323661}, "Benchmark-Manipulator": {"mean": 39971174.97219838, "total": 3997117497.219838, "sd": 108702.69719340354}, "Benchmark-Manipulator-Market-Performance": {"mean": -60490.13437943153, "total": -6049013.437943153, "sd": 104477.67928180983}, "Benchmark-Manipulator-Benchmark-Performance": {"mean": 40031665.10657781, "total": 4003166510.657781, "sd": 21803.678522770133}, "Total-Surplus": {"mean": 39995468.76288209, "total": 3999546876.2882094, "sd": 27994.214912329986}, "Market-Surplus": {"mean": -36196.343695714924, "total": -3619634.369571492, "sd": 21312.401548313734}}