{"ZI": {"mean": 20589.084477496122, "total": 2058908.4477496122, "sd": 107567.29731090226}, "Benchmark-Manipulator": {"mean": 39966059.380928814, "total": 3996605938.0928817, "sd": 109694.43619469552}, "Benchmark-Manipulator-Market-Performance": {"mean": -60049.82843951173, "total": -6004982.843951173, "sd": 107744.55103716733}, "Benchmark-Manipulator-Benchmark-Performance": {"mean": 40026109.209368326, "total": 4002610920.9368324, "sd": 24748.54897301487}, "Total-Surplus": {"mean": 39986648.465406306, "total": 3998664846.5406303, "sd": 28586.090568302094}, "Market-Surplus": {"mean": -39460.74396201573, "total": -3946074.3962015733, "sd": 22319.831873713956}}