{"ZI": {"mean": 37367.89285304373, "total": 3736789.285304373, "sd": 87324.15768115256}, "Benchmark-Manipulator": {"mean": 39955729.56844358, "total": 3995572956.8443584, "sd": 90972.14405018569}, "Benchmark-Manipulator-Market-Performance": {"mean": -73455.16664225444, "total": -7345516.664225444, "sd": 87349.53230187189}, "Benchmark-Manipulator-Benchmark-Performance": {"mean": 40029184.73508584, "total": 4002918473.5085835, "sd": 24393.624471394873}, "Total-Surplus": {"mean": 39993097.461296625, "total": 3999309746.1296625, "sd": 25302.806732468223}, "Market-Surplus": {"mean": -36087.27378921107, "total": -3608727.3789211065, "sd": 20667.237095246055}}