{"ZI": {"mean": 23170.514445583864, "total": 2317051.444558386, "sd": 90098.81883548854}, "Benchmark-Manipulator": {"mean": 39965248.42586113, "total": 3996524842.586113, "sd": 93565.89142332041}, "Benchmark-Manipulator-Market-Performance": {"mean": -61457.659474500644, "total": -6145765.947450064, "sd": 89141.58728086}, "Benchmark-Manipulator-Benchmark-Performance": {"mean": 40026706.08533563, "total": 4002670608.5335627, "sd": 24623.931413590384}, "Total-Surplus": {"mean": 39988418.94030671, "total": 3998841894.030671, "sd": 30132.94601755015}, "Market-Surplus": {"mean": -38287.14502891712, "total": -3828714.502891712, "sd": 18161.941930693378}}