{"ZI": {"mean": 14006.200434471628, "total": 1400620.0434471627, "sd": 91111.08284380122}, "Benchmark-Manipulator": {"mean": 39970045.22964586, "total": 3997004522.9645863, "sd": 82955.66887575897}, "Benchmark-Manipulator-Market-Performance": {"mean": -56633.24130350515, "total": -5663324.130350515, "sd": 90989.19158399457}, "Benchmark-Manipulator-Benchmark-Performance": {"mean": 40026678.47094937, "total": 4002667847.094937, "sd": 23753.924908122106}, "Total-Surplus": {"mean": 39984051.430080324, "total": 3998405143.008033, "sd": 27935.448041648502}, "Market-Surplus": {"mean": -42627.040869033706, "total": -4262704.086903371, "sd": 17941.44727885856}}