{"ZI": {"mean": 37314.1386932162, "total": 3731413.8693216196, "sd": 98231.05638200171}, "Benchmark-Manipulator": {"mean": 39949948.27098847, "total": 3994994827.098847, "sd": 99457.77647711495}, "Benchmark-Manipulator-Market-Performance": {"mean": -76357.20953540922, "total": -7635720.953540921, "sd": 99229.36095325244}, "Benchmark-Manipulator-Benchmark-Performance": {"mean": 40026305.480523884, "total": 4002630548.052388, "sd": 24390.670458416433}, "Total-Surplus": {"mean": 39987262.409681685, "total": 3998726240.9681683, "sd": 28989.829661861346}, "Market-Surplus": {"mean": -39043.07084219307, "total": -3904307.0842193067, "sd": 20243.743480656285}}