{"ZI": {"mean": 20080.245783057253, "total": 2008024.5783057252, "sd": 95063.23374584565}, "Benchmark-Manipulator": {"mean": 39965528.54239092, "total": 3996552854.239092, "sd": 97255.82258761929}, "Benchmark-Manipulator-Market-Performance": {"mean": -59132.11423864328, "total": -5913211.423864327, "sd": 98782.30938508}, "Benchmark-Manipulator-Benchmark-Performance": {"mean": 40024660.65662957, "total": 4002466065.662957, "sd": 24559.126033627956}, "Total-Surplus": {"mean": 39985608.78817398, "total": 3998560878.817398, "sd": 28709.961051254086}, "Market-Surplus": {"mean": -39051.86845558651, "total": -3905186.845558651, "sd": 21138.571460516516}}