{"ZI": {"mean": 18845.18886107981, "total": 1884518.8861079807, "sd": 99561.42995525914}, "Benchmark-Manipulator": {"mean": 39970008.15232594, "total": 3997000815.232594, "sd": 99827.07409228767}, "Benchmark-Manipulator-Market-Performance": {"mean": -56648.29434399553, "total": -5664829.434399553, "sd": 100241.62913152683}, "Benchmark-Manipulator-Benchmark-Performance": {"mean": 40026656.446669936, "total": 4002665644.6669936, "sd": 22687.741570457158}, "Total-Surplus": {"mean": 39988853.341187015, "total": 3998885334.1187015, "sd": 28848.702868160122}, "Market-Surplus": {"mean": -37803.10548291534, "total": -3780310.548291534, "sd": 20071.302863059325}}