{"ZI": {"mean": 40501.94282801074, "total": 4050194.282801074, "sd": 102042.36640727187}, "Benchmark-Manipulator": {"mean": 39952493.54720537, "total": 3995249354.720537, "sd": 104311.14968734709}, "Benchmark-Manipulator-Market-Performance": {"mean": -77471.65068036452, "total": -7747165.068036452, "sd": 106407.37553605267}, "Benchmark-Manipulator-Benchmark-Performance": {"mean": 40029965.19788573, "total": 4002996519.7885733, "sd": 24769.74561271661}, "Total-Surplus": {"mean": 39992995.49003338, "total": 3999299549.0033383, "sd": 27524.301654479656}, "Market-Surplus": {"mean": -36969.70785235368, "total": -3696970.7852353677, "sd": 21357.66296818703}}