{"ZI": {"mean": 22505.727720403327, "total": 2250572.7720403327, "sd": 98794.90592816452}, "Benchmark-Manipulator": {"mean": 39969849.46769152, "total": 3996984946.7691517, "sd": 97880.78716909919}, "Benchmark-Manipulator-Market-Performance": {"mean": -64014.7648685801, "total": -6401476.48685801, "sd": 97290.65996216556}, "Benchmark-Manipulator-Benchmark-Performance": {"mean": 40033864.2325601, "total": 4003386423.2560096, "sd": 24794.101668752646}, "Total-Surplus": {"mean": 39992355.19541193, "total": 3999235519.5411925, "sd": 25925.24872019622}, "Market-Surplus": {"mean": -41509.03714817688, "total": -4150903.714817688, "sd": 20950.82600728391}}