{"ZI": {"mean": 27877.75742280126, "total": 2787775.742280126, "sd": 93625.55631393989}, "Benchmark-Manipulator": {"mean": 39959602.59884321, "total": 3995960259.884321, "sd": 97237.17697314708}, "Benchmark-Manipulator-Market-Performance": {"mean": -65546.01579937726, "total": -6554601.579937726, "sd": 97715.90883879308}, "Benchmark-Manipulator-Benchmark-Performance": {"mean": 40025148.61464259, "total": 4002514861.4642587, "sd": 23106.362924034205}, "Total-Surplus": {"mean": 39987480.356266014, "total": 3998748035.626601, "sd": 24285.621005465615}, "Market-Surplus": {"mean": -37668.25837657615, "total": -3766825.8376576155, "sd": 19061.652124592598}}