{"ZI": {"mean": 28482.975285662975, "total": 2848297.5285662976, "sd": 94965.63134657689}, "Benchmark-Manipulator": {"mean": 39961002.94630063, "total": 3996100294.630063, "sd": 99768.37086616596}, "Benchmark-Manipulator-Market-Performance": {"mean": -63471.4011793039, "total": -6347140.11793039, "sd": 97083.97849551869}, "Benchmark-Manipulator-Benchmark-Performance": {"mean": 40024474.34747994, "total": 4002447434.747994, "sd": 24898.751731252087}, "Total-Surplus": {"mean": 39989485.9215863, "total": 3998948592.15863, "sd": 26655.079316056577}, "Market-Surplus": {"mean": -34988.425893641186, "total": -3498842.589364119, "sd": 20350.186090318064}}