{"ZI": {"mean": 29668.164412763555, "total": 2966816.4412763556, "sd": 98638.30627544578}, "Benchmark-Manipulator": {"mean": 39966066.01894185, "total": 3996606601.8941846, "sd": 106164.74088003919}, "Benchmark-Manipulator-Market-Performance": {"mean": -65683.85827800274, "total": -6568385.827800274, "sd": 100716.3020809599}, "Benchmark-Manipulator-Benchmark-Performance": {"mean": 40031749.87721984, "total": 4003174987.7219844, "sd": 24598.691559047078}, "Total-Surplus": {"mean": 39995734.18335461, "total": 3999573418.335461, "sd": 28511.982539098604}, "Market-Surplus": {"mean": -36015.69386523932, "total": -3601569.386523932, "sd": 19092.120239045882}}