{"ZI": {"mean": 23503.376573593636, "total": 2350337.6573593635, "sd": 102468.22948393444}, "Benchmark-Manipulator": {"mean": 39968471.211264335, "total": 3996847121.1264334, "sd": 105835.9353280101}, "Benchmark-Manipulator-Market-Performance": {"mean": -62565.01096484601, "total": -6256501.0964846015, "sd": 102697.59204096833}, "Benchmark-Manipulator-Benchmark-Performance": {"mean": 40031036.22222918, "total": 4003103622.222918, "sd": 21620.659509142995}, "Total-Surplus": {"mean": 39991974.58783793, "total": 3999197458.783793, "sd": 24615.0631172097}, "Market-Surplus": {"mean": -39061.634391252475, "total": -3906163.4391252473, "sd": 20124.803703029207}}