{"ZI": {"mean": 36485.65985805523, "total": 3648565.985805523, "sd": 98877.64235874811}, "Benchmark-Manipulator": {"mean": 39953404.61901145, "total": 3995340461.901145, "sd": 104096.76826552289}, "Benchmark-Manipulator-Market-Performance": {"mean": -74296.407964179, "total": -7429640.796417899, "sd": 100928.63788044464}, "Benchmark-Manipulator-Benchmark-Performance": {"mean": 40027701.02697563, "total": 4002770102.697563, "sd": 23380.006972385523}, "Total-Surplus": {"mean": 39989890.2788695, "total": 3998989027.8869505, "sd": 26322.252545792613}, "Market-Surplus": {"mean": -37810.748106123356, "total": -3781074.810612336, "sd": 20008.070689234068}}