{"ZI": {"mean": 27180.028481016845, "total": 2718002.8481016844, "sd": 93409.83637164424}, "Benchmark-Manipulator": {"mean": 39958339.1145949, "total": 3995833911.45949, "sd": 95380.35040829812}, "Benchmark-Manipulator-Market-Performance": {"mean": -66062.47819905415, "total": -6606247.819905415, "sd": 92260.03982137753}, "Benchmark-Manipulator-Benchmark-Performance": {"mean": 40024401.59279396, "total": 4002440159.2793956, "sd": 24320.81997078909}, "Total-Surplus": {"mean": 39985519.14307592, "total": 3998551914.307592, "sd": 28889.603114623613}, "Market-Surplus": {"mean": -38882.44971803755, "total": -3888244.9718037546, "sd": 22504.490046558836}}