{"ZI": {"mean": 15750.279204249491, "total": 1575027.9204249491, "sd": 106536.50582347122}, "Benchmark-Manipulator": {"mean": 39971665.245560244, "total": 3997166524.5560246, "sd": 109593.34571558218}, "Benchmark-Manipulator-Market-Performance": {"mean": -58856.18115547031, "total": -5885618.115547031, "sd": 107506.10599453833}, "Benchmark-Manipulator-Benchmark-Performance": {"mean": 40030521.426715724, "total": 4003052142.671572, "sd": 18670.9348387392}, "Total-Surplus": {"mean": 39987415.52476449, "total": 3998741552.476449, "sd": 24526.437610886715}, "Market-Surplus": {"mean": -43105.901951220556, "total": -4310590.195122056, "sd": 21367.878579338434}}