{"ZI": {"mean": 20200.37742146548, "total": 2020037.7421465481, "sd": 97354.05262072074}, "Benchmark-Manipulator": {"mean": 39965754.26969788, "total": 3996575426.9697886, "sd": 99315.09057547073}, "Benchmark-Manipulator-Market-Performance": {"mean": -58706.610715782044, "total": -5870661.071578205, "sd": 98227.29402831926}, "Benchmark-Manipulator-Benchmark-Performance": {"mean": 40024460.880413674, "total": 4002446088.041367, "sd": 27252.877000636072}, "Total-Surplus": {"mean": 39985954.64711935, "total": 3998595464.711935, "sd": 28322.79481311772}, "Market-Surplus": {"mean": -38506.23329431623, "total": -3850623.329431623, "sd": 19220.128501565596}}