{"ZI": {"mean": 34995.98023348317, "total": 3499598.023348317, "sd": 104288.05129496883}, "Benchmark-Manipulator": {"mean": 39951125.284406826, "total": 3995112528.4406824, "sd": 109203.1358881613}, "Benchmark-Manipulator-Market-Performance": {"mean": -74979.95514573, "total": -7497995.514573, "sd": 106420.10139410605}, "Benchmark-Manipulator-Benchmark-Performance": {"mean": 40026105.23955256, "total": 4002610523.955256, "sd": 23705.556463578185}, "Total-Surplus": {"mean": 39986121.26464031, "total": 3998612126.464031, "sd": 27094.487414433155}, "Market-Surplus": {"mean": -39983.974912246915, "total": -3998397.4912246913, "sd": 21782.801075599444}}