{"ZI": {"mean": 28703.32937579838, "total": 2870332.937579838, "sd": 95050.64899802837}, "Benchmark-Manipulator": {"mean": 39959878.73457317, "total": 3995987873.457317, "sd": 101436.83946529505}, "Benchmark-Manipulator-Market-Performance": {"mean": -68785.6615387316, "total": -6878566.1538731605, "sd": 98759.87828658863}, "Benchmark-Manipulator-Benchmark-Performance": {"mean": 40028664.39611189, "total": 4002866439.6111894, "sd": 23391.384168192533}, "Total-Surplus": {"mean": 39988582.06394896, "total": 3998858206.394896, "sd": 25867.27150265272}, "Market-Surplus": {"mean": -40082.3321629332, "total": -4008233.21629332, "sd": 19171.030974826495}}