{"ZI": {"mean": 23097.07138946662, "total": 2309707.1389466617, "sd": 99275.26557072566}, "Benchmark-Manipulator": {"mean": 39965110.55586354, "total": 3996511055.586354, "sd": 108192.16772118764}, "Benchmark-Manipulator-Market-Performance": {"mean": -62294.60898586027, "total": -6229460.898586027, "sd": 104089.27882992812}, "Benchmark-Manipulator-Benchmark-Performance": {"mean": 40027405.1648494, "total": 4002740516.48494, "sd": 24241.41880916187}, "Total-Surplus": {"mean": 39988207.62725301, "total": 3998820762.7253013, "sd": 31479.80655720277}, "Market-Surplus": {"mean": -39197.53759639338, "total": -3919753.7596393377, "sd": 22288.488301337027}}