{"ZI": {"mean": 32100.654553859247, "total": 3210065.455385925, "sd": 91909.1113817381}, "Benchmark-Manipulator": {"mean": 39950622.19918141, "total": 3995062219.9181404, "sd": 93901.24780937213}, "Benchmark-Manipulator-Market-Performance": {"mean": -71198.55302815534, "total": -7119855.302815534, "sd": 91571.63206712878}, "Benchmark-Manipulator-Benchmark-Performance": {"mean": 40021820.75220955, "total": 4002182075.2209554, "sd": 21815.219179782405}, "Total-Surplus": {"mean": 39982722.85373527, "total": 3998272285.3735266, "sd": 27055.655260013464}, "Market-Surplus": {"mean": -39097.898474296184, "total": -3909789.8474296182, "sd": 20791.68220048506}}