{"ZI": {"mean": 22091.19439065719, "total": 2209119.439065719, "sd": 102329.69933157181}, "Benchmark-Manipulator": {"mean": 39966646.68825827, "total": 3996664668.825827, "sd": 105152.37964307182}, "Benchmark-Manipulator-Market-Performance": {"mean": -58650.92112286895, "total": -5865092.1122868955, "sd": 104445.3079053776}, "Benchmark-Manipulator-Benchmark-Performance": {"mean": 40025297.60938114, "total": 4002529760.938114, "sd": 23403.093902206747}, "Total-Surplus": {"mean": 39988737.88264894, "total": 3998873788.2648935, "sd": 25753.388238835916}, "Market-Surplus": {"mean": -36559.72673221193, "total": -3655972.6732211933, "sd": 19871.403246724287}}