{
  "submit_template": "greatlakes_scripts/run.sh",
  "experiment_template": "python3 drl_top.py -c drl_env5/ms_config.json -m drl_env5/profile.json -s drl_env5/state_flags.json",
  "name": "ms_env5_hparam_search",
  "num_jobs": 500,
  "num_parallel": 70,
  "options": {
    "bsize": [32, 64, 128, 256],
    "warmup": [100,200,400,800],
    "rmsize": [1000, 5000, 10000, 50000],
    "hidden_layers": [[40,30], [80, 60], [120, 90], [240, 180], [480,360]],
    "rate": [1e-3, 3e-3, 1e-4, 3e-4,1e-2, 3e-2, 1e-5, 3e-5],
    "prate": [1e-3, 3e-3, 1e-4, 3e-4,1e-2, 3e-2, 1e-5, 3e-5],
    "discount": [0.95,0.99,0.9,0.85,0.8,0.75],
    "tau": [0.01,0.001,0.0001,0.05,0.005,0.0005,0.5,0.1],
    "ou_theta": [0.0015, 0.015, 0.15,0.00015, 0.000015, 0.5,0.05,0.0005, 0.00005],
    "ou_sigma": [0.001,0.01,0.1,0.005,0.05,0.5,0.0001,0.00001, 0.0005,0.00005],
    "ou_mu": [0.0],
    "init_w": [0.001,0.01,0.1,0.005,0.05,0.5,0.0001,0.00001, 0.0005,0.00005],
    "epsilon": [5,25,50,100,250,500,1000,1500,2000,5000],
    "trainingSteps": [1000000],
    "updateSteps": [1,10,50,100,500,1000],
    "testingSteps": [10000],

    "seed":[-1],

    "actionCoefficient": [1000,2500,5000,7500,10000,15000],
    "viewBookDepth": [1,3,5,10],
    "transactionDepth": [5,10,15],
    "omegaDepth": [5,10,15]

  }
}
