{"ZI": {"mean": 24776.335725743258, "total": 2477633.572574326, "sd": 103157.08296493019}, "Benchmark-Manipulator": {"mean": 39964810.11095318, "total": 3996481011.095318, "sd": 110930.87906551898}, "Benchmark-Manipulator-Market-Performance": {"mean": -63891.29019040592, "total": -6389129.019040592, "sd": 105819.85458898373}, "Benchmark-Manipulator-Benchmark-Performance": {"mean": 40028701.40114359, "total": 4002870140.114359, "sd": 26911.648843142037}, "Total-Surplus": {"mean": 39989586.44667893, "total": 3998958644.667893, "sd": 30239.975282739877}, "Market-Surplus": {"mean": -39114.95446466275, "total": -3911495.4464662746, "sd": 22220.04935079466}}