{"ZI": {"mean": 22472.326381320356, "total": 2247232.6381320357, "sd": 97132.10313389347}, "Benchmark-Manipulator": {"mean": -60574.47443017357, "total": -6057447.443017357, "sd": 97655.66166941843}, "Benchmark-Manipulator-Market-Performance": {"mean": -40086127.48015435, "total": -4008612748.015435, "sd": 98468.13204923303}, "Benchmark-Manipulator-Benchmark-Performance": {"mean": 40025553.00572418, "total": 4002555300.5724177, "sd": 23554.930277634132}, "Total-Surplus": {"mean": -38102.14804885321, "total": -3810214.8048853213, "sd": 19170.319860142827}, "Market-Surplus": {"mean": -40063655.15377304, "total": -4006365515.3773036, "sd": 35726.6020374403}}