{"ZI": {"mean": 40055.766615923894, "total": 4005576.6615923895, "sd": 105869.89983153484}, "Benchmark-Manipulator": {"mean": -78716.06504776102, "total": -7871606.504776102, "sd": 104695.28248835167}, "Benchmark-Manipulator-Market-Performance": {"mean": -40107515.69684583, "total": -4010751569.6845827, "sd": 107954.63282291462}, "Benchmark-Manipulator-Benchmark-Performance": {"mean": 40028799.631798066, "total": 4002879963.1798067, "sd": 22753.092116287968}, "Total-Surplus": {"mean": -38660.298431837124, "total": -3866029.8431837126, "sd": 18127.710028551715}, "Market-Surplus": {"mean": -40067459.93022991, "total": -4006745993.0229907, "sd": 31456.36983599002}}