{"ZI": {"mean": 18870.066285842375, "total": 1887006.6285842375, "sd": 99997.60212290894}, "Benchmark-Manipulator": {"mean": -59090.16448320588, "total": -5909016.448320588, "sd": 99409.62765593677}, "Benchmark-Manipulator-Market-Performance": {"mean": -40087959.05921466, "total": -4008795905.921466, "sd": 103533.17932974576}, "Benchmark-Manipulator-Benchmark-Performance": {"mean": 40028868.89473144, "total": 4002886889.473144, "sd": 21381.487509869086}, "Total-Surplus": {"mean": -40220.09819736352, "total": -4022009.8197363517, "sd": 22701.252297340463}, "Market-Surplus": {"mean": -40069088.99292881, "total": -4006908899.292881, "sd": 34337.228057799824}}