{"ZI": {"mean": 15159.306037230364, "total": 1515930.6037230364, "sd": 95026.02360493838}, "Benchmark-Manipulator": {"mean": -57050.55170601817, "total": -5705055.170601817, "sd": 98945.61272800258}, "Benchmark-Manipulator-Market-Performance": {"mean": -40083379.50850228, "total": -4008337950.8502283, "sd": 105031.75818954124}, "Benchmark-Manipulator-Benchmark-Performance": {"mean": 40026328.95679627, "total": 4002632895.6796274, "sd": 21306.78925252403}, "Total-Surplus": {"mean": -41891.24566878781, "total": -4189124.5668787807, "sd": 19150.248431318232}, "Market-Surplus": {"mean": -40068220.20246505, "total": -4006822020.2465053, "sd": 31536.14242393005}}