{"ZI": {"mean": 34737.2166486023, "total": 3473721.66486023, "sd": 101923.15758813343}, "Benchmark-Manipulator": {"mean": 39947830.64963938, "total": 3994783064.963938, "sd": 104426.2312560717}, "Benchmark-Manipulator-Market-Performance": {"mean": -77068.19142590255, "total": -7706819.142590255, "sd": 104019.06569394557}, "Benchmark-Manipulator-Benchmark-Performance": {"mean": 40024898.84106528, "total": 4002489884.106528, "sd": 24678.110643170643}, "Total-Surplus": {"mean": 39982567.866287984, "total": 3998256786.6287985, "sd": 28159.26353886356}, "Market-Surplus": {"mean": -42330.97477730028, "total": -4233097.477730028, "sd": 21974.465028092753}}