{"ZI": {"mean": 5286.462271351032, "total": 528646.2271351032, "sd": 102596.92092551384}, "Benchmark-Manipulator": {"mean": -43395.207414097196, "total": -4339520.74140972, "sd": 104862.83672153851}, "Benchmark-Manipulator-Market-Performance": {"mean": -40066737.662612244, "total": -4006673766.2612247, "sd": 106017.66477993682}, "Benchmark-Manipulator-Benchmark-Performance": {"mean": 40023342.455198154, "total": 4002334245.5198154, "sd": 23977.07896709806}, "Total-Surplus": {"mean": -38108.74514274617, "total": -3810874.514274617, "sd": 19221.874942452807}, "Market-Surplus": {"mean": -40061451.2003409, "total": -4006145120.03409, "sd": 35262.40358792057}}