{"ZI": {"mean": 38698.028681478616, "total": 3869802.8681478617, "sd": 83128.11907608894}, "Benchmark-Manipulator": {"mean": -73881.21168746692, "total": -7388121.168746692, "sd": 86610.00132258277}, "Benchmark-Manipulator-Market-Performance": {"mean": -40102686.04898383, "total": -4010268604.8983827, "sd": 92427.36059021945}, "Benchmark-Manipulator-Benchmark-Performance": {"mean": 40028804.83729635, "total": 4002880483.7296352, "sd": 23443.54074205591}, "Total-Surplus": {"mean": -35183.183005988314, "total": -3518318.3005988314, "sd": 20398.332815228114}, "Market-Surplus": {"mean": -40063988.02030234, "total": -4006398802.0302343, "sd": 36249.19422388111}}