{"ZI": {"mean": 19351.801600214265, "total": 1935180.1600214266, "sd": 92265.51169637774}, "Benchmark-Manipulator": {"mean": -60224.40150048417, "total": -6022440.150048417, "sd": 96108.55956681867}, "Benchmark-Manipulator-Market-Performance": {"mean": -40089382.742396735, "total": -4008938274.2396736, "sd": 101046.41788811926}, "Benchmark-Manipulator-Benchmark-Performance": {"mean": 40029158.340896256, "total": 4002915834.089626, "sd": 22757.042749419255}, "Total-Surplus": {"mean": -40872.59990026991, "total": -4087259.9900269913, "sd": 19958.453821102503}, "Market-Surplus": {"mean": -40070030.940796524, "total": -4007003094.0796523, "sd": 34181.35715724604}}