{"ZI": {"mean": 24766.875320571402, "total": 2476687.53205714, "sd": 93900.5406954858}, "Benchmark-Manipulator": {"mean": -61105.654974329125, "total": -6110565.497432913, "sd": 93809.52589045664}, "Benchmark-Manipulator-Market-Performance": {"mean": -40085804.52632811, "total": -4008580452.6328106, "sd": 92771.87097353504}, "Benchmark-Manipulator-Benchmark-Performance": {"mean": 40024698.871353775, "total": 4002469887.135378, "sd": 21821.727560324798}, "Total-Surplus": {"mean": -36338.77965375772, "total": -3633877.965375772, "sd": 19392.823010059405}, "Market-Surplus": {"mean": -40061037.65100754, "total": -4006103765.100754, "sd": 30757.397215344638}}