{"ZI": {"mean": 23179.47842097558, "total": 2317947.842097558, "sd": 99989.67021581114}, "Benchmark-Manipulator": {"mean": 39961901.28088861, "total": 3996190128.088861, "sd": 101563.93587166406}, "Benchmark-Manipulator-Market-Performance": {"mean": -65847.24151830882, "total": -6584724.151830882, "sd": 100806.84180533649}, "Benchmark-Manipulator-Benchmark-Performance": {"mean": 40027748.52240692, "total": 4002774852.240692, "sd": 24379.256419794525}, "Total-Surplus": {"mean": 39985080.75930959, "total": 3998508075.930959, "sd": 27933.312364194797}, "Market-Surplus": {"mean": -42667.76309733286, "total": -4266776.3097332865, "sd": 19912.25207053428}}