{"ZI": {"mean": 45814.63940563114, "total": 4581463.940563114, "sd": 99886.37994838643}, "Benchmark-Manipulator": {"mean": -79983.70251363375, "total": -7998370.251363374, "sd": 98204.13946518615}, "Benchmark-Manipulator-Market-Performance": {"mean": -40102063.313167855, "total": -4010206331.3167853, "sd": 101564.87068746937}, "Benchmark-Manipulator-Benchmark-Performance": {"mean": 40022079.61065421, "total": 4002207961.0654216, "sd": 25321.505392680105}, "Total-Surplus": {"mean": -34169.06310800261, "total": -3416906.3108002604, "sd": 22152.953258515536}, "Market-Surplus": {"mean": -40056248.673762225, "total": -4005624867.3762226, "sd": 38947.839828199445}}