{"ZI": {"mean": 36420.47842513212, "total": 3642047.842513212, "sd": 89487.7862443489}, "Benchmark-Manipulator": {"mean": 39951912.6522788, "total": 3995191265.2278805, "sd": 92516.21216233066}, "Benchmark-Manipulator-Market-Performance": {"mean": -74362.01720141858, "total": -7436201.720141858, "sd": 92396.75047657467}, "Benchmark-Manipulator-Benchmark-Performance": {"mean": 40026274.66948023, "total": 4002627466.9480224, "sd": 23417.814162821825}, "Total-Surplus": {"mean": 39988333.13070393, "total": 3998833313.0703936, "sd": 28883.487628110975}, "Market-Surplus": {"mean": -37941.538776286245, "total": -3794153.8776286244, "sd": 20546.16652156079}}