{"ZI": {"mean": 18075.853999220333, "total": 1807585.3999220333, "sd": 99601.22713370553}, "Benchmark-Manipulator": {"mean": 39968508.05805905, "total": 3996850805.8059053, "sd": 100729.37093911126}, "Benchmark-Manipulator-Market-Performance": {"mean": -59605.53137628168, "total": -5960553.137628168, "sd": 100725.19089146357}, "Benchmark-Manipulator-Benchmark-Performance": {"mean": 40028113.58943534, "total": 4002811358.943534, "sd": 23847.24158387596}, "Total-Surplus": {"mean": 39986583.91205828, "total": 3998658391.2058277, "sd": 29153.56727078744}, "Market-Surplus": {"mean": -41529.677377061475, "total": -4152967.737706147, "sd": 21793.77646302346}}