{"ZI": {"mean": 27490.14929477881, "total": 2749014.929477881, "sd": 99551.67389719408}, "Benchmark-Manipulator": {"mean": -66434.46175920493, "total": -6643446.175920493, "sd": 98995.68089783043}, "Benchmark-Manipulator-Market-Performance": {"mean": -40097967.07055651, "total": -4009796707.0556507, "sd": 100943.30708631646}, "Benchmark-Manipulator-Benchmark-Performance": {"mean": 40031532.608797304, "total": 4003153260.8797307, "sd": 23341.43093789175}, "Total-Surplus": {"mean": -38944.31246442612, "total": -3894431.246442612, "sd": 20695.135542931555}, "Market-Surplus": {"mean": -40070476.92126173, "total": -4007047692.126173, "sd": 35154.69950487987}}