{"ZI": {"mean": 38661.78395646462, "total": 3866178.3956464618, "sd": 95225.47992692301}, "Benchmark-Manipulator": {"mean": -75213.8032299099, "total": -7521380.322990989, "sd": 95840.86670300027}, "Benchmark-Manipulator-Market-Performance": {"mean": -40099769.7922728, "total": -4009976979.2272797, "sd": 103205.75160698943}, "Benchmark-Manipulator-Benchmark-Performance": {"mean": 40024555.989042886, "total": 4002455598.904289, "sd": 24334.269547493117}, "Total-Surplus": {"mean": -36552.01927344529, "total": -3655201.9273445285, "sd": 20704.089409869615}, "Market-Surplus": {"mean": -40061108.00831632, "total": -4006110800.8316326, "sd": 33975.419572724415}}