{"ZI": {"mean": 15881.489473478545, "total": 1588148.9473478545, "sd": 100561.89919193345}, "Benchmark-Manipulator": {"mean": -51589.79620051599, "total": -5158979.620051599, "sd": 99517.18090754979}, "Benchmark-Manipulator-Market-Performance": {"mean": -40076746.0554316, "total": -4007674605.54316, "sd": 99308.08660402667}, "Benchmark-Manipulator-Benchmark-Performance": {"mean": 40025156.25923108, "total": 4002515625.9231086, "sd": 24505.23543032091}, "Total-Surplus": {"mean": -35708.306727037445, "total": -3570830.6727037444, "sd": 20244.146334947938}, "Market-Surplus": {"mean": -40060864.56595813, "total": -4006086456.595813, "sd": 35677.56182981576}}