{"ZI": {"mean": 34782.31765584274, "total": 3478231.7655842737, "sd": 101479.94080557149}, "Benchmark-Manipulator": {"mean": 39954516.15274039, "total": 3995451615.274039, "sd": 98228.00971104417}, "Benchmark-Manipulator-Market-Performance": {"mean": -73169.55938735389, "total": -7316955.938735388, "sd": 96866.3485321032}, "Benchmark-Manipulator-Benchmark-Performance": {"mean": 40027685.712127745, "total": 4002768571.2127743, "sd": 23815.79298896638}, "Total-Surplus": {"mean": 39989298.470396236, "total": 3998929847.0396233, "sd": 26372.735002019013}, "Market-Surplus": {"mean": -38387.241731511574, "total": -3838724.173151158, "sd": 20029.74504200138}}