{"ZI": {"mean": 27969.442653119542, "total": 2796944.265311954, "sd": 109698.4499800531}, "Benchmark-Manipulator": {"mean": 39955958.64250929, "total": 3995595864.250929, "sd": 110515.4770884906}, "Benchmark-Manipulator-Market-Performance": {"mean": -70283.36291141063, "total": -7028336.291141063, "sd": 110973.60463452293}, "Benchmark-Manipulator-Benchmark-Performance": {"mean": 40026242.00542069, "total": 4002624200.542069, "sd": 25826.269253611164}, "Total-Surplus": {"mean": 39983928.0851624, "total": 3998392808.51624, "sd": 28771.127229130074}, "Market-Surplus": {"mean": -42313.920258291066, "total": -4231392.025829107, "sd": 21562.196835002294}}