{"ZI": {"mean": 28785.061845914504, "total": 2878506.1845914503, "sd": 107999.69219779412}, "Benchmark-Manipulator": {"mean": 39959207.84495301, "total": 3995920784.495301, "sd": 112504.67444479968}, "Benchmark-Manipulator-Market-Performance": {"mean": -66467.4908230278, "total": -6646749.082302779, "sd": 111371.45637401247}, "Benchmark-Manipulator-Benchmark-Performance": {"mean": 40025675.33577604, "total": 4002567533.577604, "sd": 26183.547432490403}, "Total-Surplus": {"mean": 39987992.90679893, "total": 3998799290.6798925, "sd": 32373.80063974814}, "Market-Surplus": {"mean": -37682.42897711299, "total": -3768242.8977112994, "sd": 22344.990183731636}}