{"ZI": {"mean": 32982.188995763005, "total": 3298218.8995763008, "sd": 90822.73000607437}, "Benchmark-Manipulator": {"mean": 39958022.197006494, "total": 3995802219.7006493, "sd": 89395.81945659315}, "Benchmark-Manipulator-Market-Performance": {"mean": -69313.91776871719, "total": -6931391.7768717185, "sd": 93499.4124232571}, "Benchmark-Manipulator-Benchmark-Performance": {"mean": 40027336.11477521, "total": 4002733611.477521, "sd": 24143.766850627686}, "Total-Surplus": {"mean": 39991004.38600226, "total": 3999100438.6002254, "sd": 25133.325200028627}, "Market-Surplus": {"mean": -36331.72877295442, "total": -3633172.877295442, "sd": 20568.77212443571}}