{"ZI": {"mean": 32057.24991279515, "total": 3205724.991279515, "sd": 107589.14024642207}, "Benchmark-Manipulator": {"mean": -69433.76710216267, "total": -6943376.710216267, "sd": 110598.39093821787}, "Benchmark-Manipulator-Market-Performance": {"mean": -40097495.24372277, "total": -4009749524.3722763, "sd": 112102.124842566}, "Benchmark-Manipulator-Benchmark-Performance": {"mean": 40028061.4766206, "total": 4002806147.6620603, "sd": 23665.951386365734}, "Total-Surplus": {"mean": -37376.517189367514, "total": -3737651.7189367516, "sd": 22029.891248798827}, "Market-Surplus": {"mean": -40065437.99380997, "total": -4006543799.3809967, "sd": 36999.84868068834}}