{"ZI": {"mean": 13601.301666940086, "total": 1360130.1666940085, "sd": 92933.39821292744}, "Benchmark-Manipulator": {"mean": -54490.11528380893, "total": -5449011.528380893, "sd": 93716.13055282355}, "Benchmark-Manipulator-Market-Performance": {"mean": -40083008.10003566, "total": -4008300810.0035663, "sd": 97027.60614115761}, "Benchmark-Manipulator-Benchmark-Performance": {"mean": 40028517.98475185, "total": 4002851798.4751854, "sd": 25269.301396763774}, "Total-Surplus": {"mean": -40888.81361686885, "total": -4088881.361686885, "sd": 19710.139534625458}, "Market-Surplus": {"mean": -40069406.79836874, "total": -4006940679.8368735, "sd": 38127.03385216128}}