{"ZI": {"mean": 36994.22884052056, "total": 3699422.8840520564, "sd": 99791.02798889414}, "Benchmark-Manipulator": {"mean": 39954991.74235292, "total": 3995499174.2352915, "sd": 106955.53426210054}, "Benchmark-Manipulator-Market-Performance": {"mean": -73857.51324756071, "total": -7385751.324756071, "sd": 104348.58443516583}, "Benchmark-Manipulator-Benchmark-Performance": {"mean": 40028849.255600475, "total": 4002884925.560047, "sd": 26371.39207938946}, "Total-Surplus": {"mean": 39991985.97119343, "total": 3999198597.1193433, "sd": 30217.90292369543}, "Market-Surplus": {"mean": -36863.28440704063, "total": -3686328.4407040626, "sd": 21131.27391954734}}