{"ZI": {"mean": 14536.07871565301, "total": 1453607.871565301, "sd": 115285.15592746905}, "Benchmark-Manipulator": {"mean": 39973337.14283834, "total": 3997333714.2838335, "sd": 121898.83774491733}, "Benchmark-Manipulator-Market-Performance": {"mean": -54223.765397594274, "total": -5422376.539759427, "sd": 120202.84993647615}, "Benchmark-Manipulator-Benchmark-Performance": {"mean": 40027560.90823593, "total": 4002756090.8235927, "sd": 24524.110799798815}, "Total-Surplus": {"mean": 39987873.22155399, "total": 3998787322.155399, "sd": 29004.72366580819}, "Market-Surplus": {"mean": -39687.68668194115, "total": -3968768.668194115, "sd": 21051.69650551623}}