{"ZI": {"mean": 40380.74474076308, "total": 4038074.4740763083, "sd": 105566.32074380477}, "Benchmark-Manipulator": {"mean": -81385.29749292851, "total": -8138529.749292851, "sd": 107663.68226006866}, "Benchmark-Manipulator-Market-Performance": {"mean": -40110355.88210367, "total": -4011035588.2103667, "sd": 114317.92407988934}, "Benchmark-Manipulator-Benchmark-Performance": {"mean": 40028970.584610745, "total": 4002897058.461075, "sd": 23170.241152874485}, "Total-Surplus": {"mean": -41004.552752165444, "total": -4100455.2752165445, "sd": 19683.15280764205}, "Market-Surplus": {"mean": -40069975.13736291, "total": -4006997513.736291, "sd": 34085.87287974284}}