{"ZI": {"mean": 35016.85297643825, "total": 3501685.2976438245, "sd": 99025.14374714806}, "Benchmark-Manipulator": {"mean": 39946059.97479073, "total": 3994605997.479073, "sd": 97439.61501658385}, "Benchmark-Manipulator-Market-Performance": {"mean": -80317.57340854741, "total": -8031757.340854742, "sd": 100387.63943588524}, "Benchmark-Manipulator-Benchmark-Performance": {"mean": 40026377.54819927, "total": 4002637754.8199277, "sd": 22441.359881685243}, "Total-Surplus": {"mean": 39981076.82776717, "total": 3998107682.776717, "sd": 28499.158262153072}, "Market-Surplus": {"mean": -45300.72043210939, "total": -4530072.043210939, "sd": 24488.85570617762}}