{"ZI": {"mean": 34582.75445146594, "total": 3458275.4451465937, "sd": 93751.57959228291}, "Benchmark-Manipulator": {"mean": -70336.44298736681, "total": -7033644.298736681, "sd": 94208.72408939376}, "Benchmark-Manipulator-Market-Performance": {"mean": -40094709.87763903, "total": -4009470987.7639036, "sd": 101575.366904785}, "Benchmark-Manipulator-Benchmark-Performance": {"mean": 40024373.43465167, "total": 4002437343.465167, "sd": 24140.094931761374}, "Total-Surplus": {"mean": -35753.68853590087, "total": -3575368.8535900866, "sd": 20764.894070377024}, "Market-Surplus": {"mean": -40060127.12318757, "total": -4006012712.318757, "sd": 37598.18772283821}}