{"ZI": {"mean": 34539.53004819551, "total": 3453953.004819551, "sd": 92909.32292706543}, "Benchmark-Manipulator": {"mean": 39953330.73081502, "total": 3995333073.0815024, "sd": 96386.4783987625}, "Benchmark-Manipulator-Market-Performance": {"mean": -74191.35865147992, "total": -7419135.865147993, "sd": 97500.4642793626}, "Benchmark-Manipulator-Benchmark-Performance": {"mean": 40027522.0894665, "total": 4002752208.94665, "sd": 24566.9224248189}, "Total-Surplus": {"mean": 39987870.260863215, "total": 3998787026.086322, "sd": 28474.87352909236}, "Market-Surplus": {"mean": -39651.82860328466, "total": -3965182.8603284657, "sd": 19979.714097852415}}