{"ZI": {"mean": 25832.58037311083, "total": 2583258.037311083, "sd": 108454.12109415013}, "Benchmark-Manipulator": {"mean": 39962305.6513684, "total": 3996230565.1368403, "sd": 110692.2660571775}, "Benchmark-Manipulator-Market-Performance": {"mean": -62647.10854222648, "total": -6264710.854222648, "sd": 111395.5104862713}, "Benchmark-Manipulator-Benchmark-Performance": {"mean": 40024952.759910636, "total": 4002495275.9910636, "sd": 24051.91622217782}, "Total-Surplus": {"mean": 39988138.23174152, "total": 3998813823.174152, "sd": 24907.768017320497}, "Market-Surplus": {"mean": -36814.52816911556, "total": -3681452.816911556, "sd": 21388.218757720475}}