{"ZI": {"mean": 20222.737098144105, "total": 2022273.7098144104, "sd": 96025.81361089142}, "Benchmark-Manipulator": {"mean": -60424.77551784173, "total": -6042477.551784173, "sd": 98281.04725981556}, "Benchmark-Manipulator-Market-Performance": {"mean": -40087775.45921505, "total": -4008777545.921505, "sd": 101652.69557196031}, "Benchmark-Manipulator-Benchmark-Performance": {"mean": 40027350.683697216, "total": 4002735068.3697214, "sd": 28463.063171641603}, "Total-Surplus": {"mean": -40202.03841969762, "total": -4020203.841969762, "sd": 22639.176774090123}, "Market-Surplus": {"mean": -40067552.72211691, "total": -4006755272.211691, "sd": 40964.88300851622}}