{"ZI": {"mean": 31690.37870196917, "total": 3169037.870196917, "sd": 96462.22672727128}, "Benchmark-Manipulator": {"mean": 39958996.724137746, "total": 3995899672.4137745, "sd": 97389.65012285937}, "Benchmark-Manipulator-Market-Performance": {"mean": -66259.37333345413, "total": -6625937.333345413, "sd": 98458.97540600388}, "Benchmark-Manipulator-Benchmark-Performance": {"mean": 40025256.09747121, "total": 4002525609.7471204, "sd": 23584.17232138208}, "Total-Surplus": {"mean": 39990687.102839716, "total": 3999068710.2839713, "sd": 30231.186517948543}, "Market-Surplus": {"mean": -34568.99463148519, "total": -3456899.4631485194, "sd": 22591.045521483804}}