{"ZI": {"mean": 19901.6921459058, "total": 1990169.21459058, "sd": 92102.25512266145}, "Benchmark-Manipulator": {"mean": 39963667.7053541, "total": 3996366770.5354104, "sd": 99562.49297015311}, "Benchmark-Manipulator-Market-Performance": {"mean": -61496.135245948586, "total": -6149613.524594858, "sd": 94650.53882355671}, "Benchmark-Manipulator-Benchmark-Performance": {"mean": 40025163.84060004, "total": 4002516384.0600047, "sd": 25398.568617459252}, "Total-Surplus": {"mean": 39983569.39750001, "total": 3998356939.750001, "sd": 29975.52026720978}, "Market-Surplus": {"mean": -41594.44310004264, "total": -4159444.310004264, "sd": 20099.17626712952}}