{"ZI": {"mean": 25689.94407933965, "total": 2568994.407933965, "sd": 98226.67981865289}, "Benchmark-Manipulator": {"mean": -66895.33164064458, "total": -6689533.164064458, "sd": 98819.90952881768}, "Benchmark-Manipulator-Market-Performance": {"mean": -40097648.972374134, "total": -4009764897.2374134, "sd": 104245.01082530143}, "Benchmark-Manipulator-Benchmark-Performance": {"mean": 40030753.64073349, "total": 4003075364.0733485, "sd": 24434.59295259739}, "Total-Surplus": {"mean": -41205.38756130494, "total": -4120538.7561304937, "sd": 20850.257951316504}, "Market-Surplus": {"mean": -40071959.028294794, "total": -4007195902.829479, "sd": 35145.22885474106}}