{"ZI": {"mean": 24589.65354206155, "total": 2458965.354206155, "sd": 103364.3504842866}, "Benchmark-Manipulator": {"mean": -65304.13149321313, "total": -6530413.149321313, "sd": 105712.64439015825}, "Benchmark-Manipulator-Market-Performance": {"mean": -40092226.52115245, "total": -4009222652.115245, "sd": 106757.24864554859}, "Benchmark-Manipulator-Benchmark-Performance": {"mean": 40026922.38965924, "total": 4002692238.9659243, "sd": 23375.369605556523}, "Total-Surplus": {"mean": -40714.47795115158, "total": -4071447.7951151584, "sd": 22385.088603621887}, "Market-Surplus": {"mean": -40067636.86761039, "total": -4006763686.761039, "sd": 36897.8291652278}}