{"ZI": {"mean": 19409.20530582033, "total": 1940920.530582033, "sd": 109508.53440360649}, "Benchmark-Manipulator": {"mean": -59883.12667201161, "total": -5988312.667201161, "sd": 111350.59852932359}, "Benchmark-Manipulator-Market-Performance": {"mean": -40084864.03909239, "total": -4008486403.909239, "sd": 116814.4408497569}, "Benchmark-Manipulator-Benchmark-Performance": {"mean": 40024980.91242037, "total": 4002498091.2420373, "sd": 20730.373942390623}, "Total-Surplus": {"mean": -40473.92136619127, "total": -4047392.1366191274, "sd": 20502.768866260983}, "Market-Surplus": {"mean": -40065454.83378657, "total": -4006545483.378657, "sd": 31337.00391601975}}