{"ZI": {"mean": 4262.712675231732, "total": 426271.2675231732, "sd": 98534.87598599706}, "Benchmark-Manipulator": {"mean": 39977464.5498713, "total": 3997746454.9871306, "sd": 101725.15288385296}, "Benchmark-Manipulator-Market-Performance": {"mean": -45247.64557700634, "total": -4524764.557700634, "sd": 97940.48948793701}, "Benchmark-Manipulator-Benchmark-Performance": {"mean": 40022712.19544831, "total": 4002271219.5448313, "sd": 25737.955601870286}, "Total-Surplus": {"mean": 39981727.26254654, "total": 3998172726.254654, "sd": 27830.005616071616}, "Market-Surplus": {"mean": -40984.932901774424, "total": -4098493.290177442, "sd": 20135.205426186087}}