{"ZI": {"mean": 24061.10413017319, "total": 2406110.413017319, "sd": 97025.39618201033}, "Benchmark-Manipulator": {"mean": -64649.97138160861, "total": -6464997.138160861, "sd": 98391.34785681467}, "Benchmark-Manipulator-Market-Performance": {"mean": -40092054.29369192, "total": -4009205429.369192, "sd": 103613.09648119938}, "Benchmark-Manipulator-Benchmark-Performance": {"mean": 40027404.322310306, "total": 4002740432.231031, "sd": 22519.477844609028}, "Total-Surplus": {"mean": -40588.86725143543, "total": -4058886.725143543, "sd": 23348.761195860872}, "Market-Surplus": {"mean": -40067993.18956175, "total": -4006799318.9561744, "sd": 35962.72409019632}}