{"ZI": {"mean": 31008.201513692242, "total": 3100820.1513692243, "sd": 112654.09949835969}, "Benchmark-Manipulator": {"mean": 39959622.0948921, "total": 3995962209.48921, "sd": 121893.30123008149}, "Benchmark-Manipulator-Market-Performance": {"mean": -69936.95739293657, "total": -6993695.739293657, "sd": 118872.25107056872}, "Benchmark-Manipulator-Benchmark-Performance": {"mean": 40029559.05228503, "total": 4002955905.228503, "sd": 21860.144244508632}, "Total-Surplus": {"mean": 39990630.296405785, "total": 3999063029.6405787, "sd": 25768.252380868005}, "Market-Surplus": {"mean": -38928.75587924473, "total": -3892875.587924473, "sd": 21710.38359011671}}