{"ZI": {"mean": 9629.562388927832, "total": 962956.2388927832, "sd": 92171.96625437136}, "Benchmark-Manipulator": {"mean": 39982853.519879594, "total": 3998285351.9879594, "sd": 96634.80297000789}, "Benchmark-Manipulator-Market-Performance": {"mean": -43823.251906023324, "total": -4382325.190602332, "sd": 95837.33634683174}, "Benchmark-Manipulator-Benchmark-Performance": {"mean": 40026676.771785624, "total": 4002667677.178562, "sd": 23780.684216458656}, "Total-Surplus": {"mean": 39992483.08226852, "total": 3999248308.2268524, "sd": 25653.697915179615}, "Market-Surplus": {"mean": -34193.68951709576, "total": -3419368.951709576, "sd": 20273.38646634142}}