{"ZI": {"mean": 21137.096168751064, "total": 2113709.6168751065, "sd": 107743.13393402223}, "Benchmark-Manipulator": {"mean": -56964.23768645974, "total": -5696423.768645974, "sd": 108057.4932764774}, "Benchmark-Manipulator-Market-Performance": {"mean": -40085037.499846675, "total": -4008503749.9846673, "sd": 112335.58613869679}, "Benchmark-Manipulator-Benchmark-Performance": {"mean": 40028073.26216021, "total": 4002807326.2160215, "sd": 23127.68767280371}, "Total-Surplus": {"mean": -35827.14151770867, "total": -3582714.151770867, "sd": 20802.23560379752}, "Market-Surplus": {"mean": -40063900.403677925, "total": -4006390040.3677926, "sd": 34106.990462761976}}