{"ZI": {"mean": 15510.245219022394, "total": 1551024.5219022394, "sd": 114592.13978833902}, "Benchmark-Manipulator": {"mean": 39973725.27362388, "total": 3997372527.3623886, "sd": 114406.30424657822}, "Benchmark-Manipulator-Market-Performance": {"mean": -55630.208532311095, "total": -5563020.85323111, "sd": 116422.93284689097}, "Benchmark-Manipulator-Benchmark-Performance": {"mean": 40029355.482156195, "total": 4002935548.2156196, "sd": 21727.413807464472}, "Total-Surplus": {"mean": 39989235.518842906, "total": 3998923551.8842907, "sd": 28571.70831183452}, "Market-Surplus": {"mean": -40119.963313288616, "total": -4011996.3313288614, "sd": 22301.06100242962}}