{"ZI": {"mean": 20298.86279443271, "total": 2029886.279443271, "sd": 106394.4871325337}, "Benchmark-Manipulator": {"mean": 39965676.70075617, "total": 3996567670.075617, "sd": 108383.37064227594}, "Benchmark-Manipulator-Market-Performance": {"mean": -61660.71051115647, "total": -6166071.051115647, "sd": 105983.30909761644}, "Benchmark-Manipulator-Benchmark-Performance": {"mean": 40027337.411267325, "total": 4002733741.126733, "sd": 26527.227068757817}, "Total-Surplus": {"mean": 39985975.5635506, "total": 3998597556.35506, "sd": 30254.374266068524}, "Market-Surplus": {"mean": -41361.84771672443, "total": -4136184.7716724426, "sd": 18906.063448679346}}