{"ZI": {"mean": 28421.971737922173, "total": 2842197.1737922174, "sd": 93198.02310441459}, "Benchmark-Manipulator": {"mean": -66214.56312297066, "total": -6621456.312297066, "sd": 92412.73658317406}, "Benchmark-Manipulator-Market-Performance": {"mean": -40095136.30447002, "total": -4009513630.447002, "sd": 94775.89613124098}, "Benchmark-Manipulator-Benchmark-Performance": {"mean": 40028921.741347045, "total": 4002892174.1347046, "sd": 24332.041826828572}, "Total-Surplus": {"mean": -37792.59138504849, "total": -3779259.138504849, "sd": 21310.937720715723}, "Market-Surplus": {"mean": -40066714.3327321, "total": -4006671433.2732096, "sd": 34658.142633767595}}