{"ZI": {"mean": 32052.062907350068, "total": 3205206.290735007, "sd": 104945.63492439015}, "Benchmark-Manipulator": {"mean": -68991.2600127207, "total": -6899126.001272069, "sd": 104128.0843665716}, "Benchmark-Manipulator-Market-Performance": {"mean": -40098413.1866739, "total": -4009841318.66739, "sd": 106846.72073312422}, "Benchmark-Manipulator-Benchmark-Performance": {"mean": 40029421.92666118, "total": 4002942192.666118, "sd": 24032.94768442094}, "Total-Surplus": {"mean": -36939.197105370615, "total": -3693919.7105370616, "sd": 21504.961586876936}, "Market-Surplus": {"mean": -40066361.12376656, "total": -4006636112.3766556, "sd": 35975.67930079363}}