{"ZI": {"mean": 21469.57133335786, "total": 2146957.133335786, "sd": 93632.59451870683}, "Benchmark-Manipulator": {"mean": 39968466.99053431, "total": 3996846699.053431, "sd": 96009.3722463051}, "Benchmark-Manipulator-Market-Performance": {"mean": -59685.41754048727, "total": -5968541.754048727, "sd": 98611.57465404528}, "Benchmark-Manipulator-Benchmark-Performance": {"mean": 40028152.408074796, "total": 4002815240.8074794, "sd": 22313.6644730999}, "Total-Surplus": {"mean": 39989936.56186767, "total": 3998993656.186767, "sd": 26920.365364834004}, "Market-Surplus": {"mean": -38215.84620712958, "total": -3821584.6207129583, "sd": 21308.385170674213}}