{"ZI": {"mean": 29389.920917322648, "total": 2938992.091732265, "sd": 89718.33966851336}, "Benchmark-Manipulator": {"mean": -66645.85544196892, "total": -6664585.544196892, "sd": 91708.64876706345}, "Benchmark-Manipulator-Market-Performance": {"mean": -40094546.93191818, "total": -4009454693.191818, "sd": 95888.9086578124}, "Benchmark-Manipulator-Benchmark-Performance": {"mean": 40027901.07647622, "total": 4002790107.6476216, "sd": 24309.375207744386}, "Total-Surplus": {"mean": -37255.93452464626, "total": -3725593.452464626, "sd": 23623.391726579164}, "Market-Surplus": {"mean": -40065157.011000864, "total": -4006515701.1000867, "sd": 38758.28686564233}}