{"ZI": {"mean": 9890.899441806067, "total": 989089.9441806066, "sd": 97977.33912381802}, "Benchmark-Manipulator": {"mean": -46481.93851640001, "total": -4648193.851640001, "sd": 100424.90477903612}, "Benchmark-Manipulator-Market-Performance": {"mean": -40070548.75122705, "total": -4007054875.122705, "sd": 106907.03281543562}, "Benchmark-Manipulator-Benchmark-Performance": {"mean": 40024066.81271065, "total": 4002406681.271065, "sd": 26018.349815452773}, "Total-Surplus": {"mean": -36591.039074593944, "total": -3659103.907459394, "sd": 21576.539516254583}, "Market-Surplus": {"mean": -40060657.85178524, "total": -4006065785.178524, "sd": 35227.68411381128}}