{"ZI": {"mean": 49070.84116318995, "total": 4907084.116318995, "sd": 108202.49832589483}, "Benchmark-Manipulator": {"mean": -88354.9255580475, "total": -8835492.55580475, "sd": 109283.41024966254}, "Benchmark-Manipulator-Market-Performance": {"mean": -40116786.54689966, "total": -4011678654.689966, "sd": 110757.14375412502}, "Benchmark-Manipulator-Benchmark-Performance": {"mean": 40028431.62134162, "total": 4002843162.1341624, "sd": 20117.41824403785}, "Total-Surplus": {"mean": -39284.08439485756, "total": -3928408.4394857557, "sd": 19630.97503526209}, "Market-Surplus": {"mean": -40067715.70573647, "total": -4006771570.573647, "sd": 30390.249112499925}}