{"ZI": {"mean": 32047.17752834201, "total": 3204717.752834201, "sd": 99443.3859187786}, "Benchmark-Manipulator": {"mean": -71889.34174363912, "total": -7188934.174363911, "sd": 103751.07478761315}, "Benchmark-Manipulator-Market-Performance": {"mean": -40102451.82392382, "total": -4010245182.3923817, "sd": 111147.66835729647}, "Benchmark-Manipulator-Benchmark-Performance": {"mean": 40030562.482180186, "total": 4003056248.2180185, "sd": 24893.216656954966}, "Total-Surplus": {"mean": -39842.1642152971, "total": -3984216.4215297103, "sd": 19137.969016959432}, "Market-Surplus": {"mean": -40070404.646395475, "total": -4007040464.6395473, "sd": 34306.73529041327}}