{"ZI": {"mean": 42873.41818138602, "total": 4287341.818138602, "sd": 106087.93661968783}, "Benchmark-Manipulator": {"mean": 39949490.97172044, "total": 3994949097.1720443, "sd": 109174.93586894816}, "Benchmark-Manipulator-Market-Performance": {"mean": -77867.04149160758, "total": -7786704.149160758, "sd": 110303.29549186908}, "Benchmark-Manipulator-Benchmark-Performance": {"mean": 40027358.013212055, "total": 4002735801.3212056, "sd": 23898.37317022956}, "Total-Surplus": {"mean": 39992364.38990183, "total": 3999236438.990183, "sd": 26688.506233492444}, "Market-Surplus": {"mean": -34993.62331022166, "total": -3499362.3310221657, "sd": 23307.399303561775}}