{"ZI": {"mean": 7924.895583437973, "total": 792489.5583437973, "sd": 96698.62824878588}, "Benchmark-Manipulator": {"mean": -47517.05842377072, "total": -4751705.842377072, "sd": 98962.13761322909}, "Benchmark-Manipulator-Market-Performance": {"mean": -40074963.3076929, "total": -4007496330.76929, "sd": 104204.6744440399}, "Benchmark-Manipulator-Benchmark-Performance": {"mean": 40027446.24926912, "total": 4002744624.9269123, "sd": 24356.795399816277}, "Total-Surplus": {"mean": -39592.16284033275, "total": -3959216.2840332747, "sd": 21397.050716124362}, "Market-Surplus": {"mean": -40067038.412109464, "total": -4006703841.2109466, "sd": 36249.06569019426}}