{"ZI": {"mean": 28271.3580170354, "total": 2827135.80170354, "sd": 101865.30679685864}, "Benchmark-Manipulator": {"mean": -70176.8052687091, "total": -7017680.52687091, "sd": 102228.95326331504}, "Benchmark-Manipulator-Market-Performance": {"mean": -40093286.13724921, "total": -4009328613.7249207, "sd": 104394.1638726193}, "Benchmark-Manipulator-Benchmark-Performance": {"mean": 40023109.331980504, "total": 4002310933.1980505, "sd": 22410.032630715217}, "Total-Surplus": {"mean": -41905.44725167371, "total": -4190544.725167371, "sd": 20621.814296392666}, "Market-Surplus": {"mean": -40065014.779232174, "total": -4006501477.923218, "sd": 33822.41485727373}}