{"ZI": {"mean": 29697.740595722666, "total": 2969774.0595722664, "sd": 100052.49632413442}, "Benchmark-Manipulator": {"mean": -67893.13887397613, "total": -6789313.887397612, "sd": 103028.05784658101}, "Benchmark-Manipulator-Market-Performance": {"mean": -40093582.79401303, "total": -4009358279.401303, "sd": 109929.06376862979}, "Benchmark-Manipulator-Benchmark-Performance": {"mean": 40025689.65513906, "total": 4002568965.5139055, "sd": 22827.389017611502}, "Total-Surplus": {"mean": -38195.39827825345, "total": -3819539.827825345, "sd": 20585.49250388064}, "Market-Surplus": {"mean": -40063885.05341731, "total": -4006388505.341731, "sd": 34638.6372546006}}