{"ZI": {"mean": 14520.435854083718, "total": 1452043.5854083719, "sd": 87434.06158873823}, "Benchmark-Manipulator": {"mean": -55105.45381308617, "total": -5510545.381308617, "sd": 88230.66025798503}, "Benchmark-Manipulator-Market-Performance": {"mean": -40085273.82902746, "total": -4008527382.902746, "sd": 95611.33300310421}, "Benchmark-Manipulator-Benchmark-Performance": {"mean": 40030168.37521437, "total": 4003016837.521437, "sd": 22786.274270956597}, "Total-Surplus": {"mean": -40585.017959002435, "total": -4058501.795900244, "sd": 25282.37874683926}, "Market-Surplus": {"mean": -40070753.39317337, "total": -4007075339.317337, "sd": 38629.22890642576}}