{"ZI": {"mean": 25913.49585518909, "total": 2591349.5855189087, "sd": 98040.02613187506}, "Benchmark-Manipulator": {"mean": 39960325.07600591, "total": 3996032507.600591, "sd": 101456.29808873049}, "Benchmark-Manipulator-Market-Performance": {"mean": -68837.4749550934, "total": -6883747.495509341, "sd": 98182.40081023738}, "Benchmark-Manipulator-Benchmark-Performance": {"mean": 40029162.55096102, "total": 4002916255.0961018, "sd": 23781.239855347445}, "Total-Surplus": {"mean": 39986238.5718611, "total": 3998623857.1861105, "sd": 24870.209901946808}, "Market-Surplus": {"mean": -42923.97909990408, "total": -4292397.9099904075, "sd": 22398.20473942651}}