{"ZI": {"mean": 46150.864231718246, "total": 4615086.423171825, "sd": 101702.576591566}, "Benchmark-Manipulator": {"mean": -84546.08474206297, "total": -8454608.474206297, "sd": 100705.60420991087}, "Benchmark-Manipulator-Market-Performance": {"mean": -40111979.30644902, "total": -4011197930.6449018, "sd": 103451.88570853045}, "Benchmark-Manipulator-Benchmark-Performance": {"mean": 40027433.22170695, "total": 4002743322.170695, "sd": 24470.11500336823}, "Total-Surplus": {"mean": -38395.22051034473, "total": -3839522.0510344724, "sd": 21107.257146059204}, "Market-Surplus": {"mean": -40065828.4422173, "total": -4006582844.2217298, "sd": 38673.43261357593}}