{"ZI": {"mean": 15959.057995013101, "total": 1595905.79950131, "sd": 94220.81768537304}, "Benchmark-Manipulator": {"mean": -55248.98079018681, "total": -5524898.079018681, "sd": 93487.87224091908}, "Benchmark-Manipulator-Market-Performance": {"mean": -40082873.63021437, "total": -4008287363.021437, "sd": 92915.39558991046}, "Benchmark-Manipulator-Benchmark-Performance": {"mean": 40027624.64942418, "total": 4002762464.942418, "sd": 24212.502421883702}, "Total-Surplus": {"mean": -39289.92279517371, "total": -3928992.279517371, "sd": 22644.325577371434}, "Market-Surplus": {"mean": -40066914.57221935, "total": -4006691457.221935, "sd": 35808.68338172816}}