{"ZI": {"mean": 32687.677676808056, "total": 3268767.7676808056, "sd": 100458.29275159162}, "Benchmark-Manipulator": {"mean": 39956296.04954409, "total": 3995629604.9544086, "sd": 104864.89472572626}, "Benchmark-Manipulator-Market-Performance": {"mean": -73548.83215193242, "total": -7354883.215193242, "sd": 104434.97999824}, "Benchmark-Manipulator-Benchmark-Performance": {"mean": 40029844.881696016, "total": 4002984488.1696014, "sd": 25267.273089449394}, "Total-Surplus": {"mean": 39988983.727220885, "total": 3998898372.722089, "sd": 29636.17260524076}, "Market-Surplus": {"mean": -40861.15447512411, "total": -4086115.4475124106, "sd": 21322.164776223366}}