{"ZI": {"mean": 30747.62331283443, "total": 3074762.3312834427, "sd": 89705.60353637116}, "Benchmark-Manipulator": {"mean": 39955447.05714854, "total": 3995544705.714854, "sd": 87259.11660403074}, "Benchmark-Manipulator-Market-Performance": {"mean": -70776.95375182912, "total": -7077695.375182912, "sd": 88824.99542049455}, "Benchmark-Manipulator-Benchmark-Performance": {"mean": 40026224.01090036, "total": 4002622401.0900364, "sd": 25321.26730410549}, "Total-Surplus": {"mean": 39986194.68046137, "total": 3998619468.046137, "sd": 29955.089042603926}, "Market-Surplus": {"mean": -40029.33043899447, "total": -4002933.0438994467, "sd": 22659.57192067125}}