{"ZI": {"mean": 37312.96816265881, "total": 3731296.816265881, "sd": 96050.90388356982}, "Benchmark-Manipulator": {"mean": -75706.29898137582, "total": -7570629.8981375825, "sd": 96480.07004890687}, "Benchmark-Manipulator-Market-Performance": {"mean": -40105736.41460147, "total": -4010573641.4601464, "sd": 97678.81293820243}, "Benchmark-Manipulator-Benchmark-Performance": {"mean": 40030030.11562008, "total": 4003003011.562008, "sd": 24274.128394238054}, "Total-Surplus": {"mean": -38393.33081871702, "total": -3839333.081871702, "sd": 18707.23247128669}, "Market-Surplus": {"mean": -40068423.4464388, "total": -4006842344.64388, "sd": 33814.037363031115}}