{"ZI": {"mean": 30939.334949709195, "total": 3093933.4949709196, "sd": 95352.16310179835}, "Benchmark-Manipulator": {"mean": -69843.21442965914, "total": -6984321.4429659145, "sd": 93806.6383596272}, "Benchmark-Manipulator-Market-Performance": {"mean": -40095210.50042536, "total": -4009521050.0425363, "sd": 93310.0705687551}, "Benchmark-Manipulator-Benchmark-Performance": {"mean": 40025367.2859957, "total": 4002536728.5995703, "sd": 25839.060485553073}, "Total-Surplus": {"mean": -38903.87947994995, "total": -3890387.9479949954, "sd": 17743.676758538295}, "Market-Surplus": {"mean": -40064271.16547565, "total": -4006427116.5475655, "sd": 34396.98810736086}}