{"ZI": {"mean": 36083.705330129334, "total": 3608370.533012933, "sd": 108200.25883732132}, "Benchmark-Manipulator": {"mean": 39953942.41543757, "total": 3995394241.5437574, "sd": 109823.47097995234}, "Benchmark-Manipulator-Market-Performance": {"mean": -76579.07672822349, "total": -7657907.672822349, "sd": 110155.07076043912}, "Benchmark-Manipulator-Benchmark-Performance": {"mean": 40030521.4921658, "total": 4003052149.2165794, "sd": 21235.42514267577}, "Total-Surplus": {"mean": 39990026.120767705, "total": 3999002612.0767703, "sd": 28748.417990682563}, "Market-Surplus": {"mean": -40495.37139809422, "total": -4049537.139809422, "sd": 23137.573688152606}}