{"ZI": {"mean": 48553.46518673003, "total": 4855346.518673003, "sd": 91223.01759104432}, "Benchmark-Manipulator": {"mean": -89533.47819204674, "total": -8953347.819204673, "sd": 91082.84353137005}, "Benchmark-Manipulator-Market-Performance": {"mean": -40116129.96808216, "total": -4011612996.808216, "sd": 92069.39796603864}, "Benchmark-Manipulator-Benchmark-Performance": {"mean": 40026596.48989011, "total": 4002659648.9890113, "sd": 25588.08725890109}, "Total-Surplus": {"mean": -40980.01300531671, "total": -4098001.300531671, "sd": 22081.898219070972}, "Market-Surplus": {"mean": -40067576.50289543, "total": -4006757650.2895427, "sd": 39728.535025791934}}