{"ZI": {"mean": 28445.46499079429, "total": 2844546.499079429, "sd": 98440.32268931696}, "Benchmark-Manipulator": {"mean": 39964352.277723305, "total": 3996435227.7723308, "sd": 103508.41415126884}, "Benchmark-Manipulator-Market-Performance": {"mean": -64383.34347614519, "total": -6438334.347614519, "sd": 100244.86875146345}, "Benchmark-Manipulator-Benchmark-Performance": {"mean": 40028735.62119945, "total": 4002873562.119945, "sd": 20948.486599022883}, "Total-Surplus": {"mean": 39992797.74271411, "total": 3999279774.2714105, "sd": 25409.599520505522}, "Market-Surplus": {"mean": -35937.87848535061, "total": -3593787.848535061, "sd": 22964.573370921175}}