{"ZI": {"mean": 42940.71578634138, "total": 4294071.578634138, "sd": 88303.2304307124}, "Benchmark-Manipulator": {"mean": -79285.4881784083, "total": -7928548.81784083, "sd": 91937.96018426241}, "Benchmark-Manipulator-Market-Performance": {"mean": -40109319.21700089, "total": -4010931921.7000885, "sd": 95826.31388697002}, "Benchmark-Manipulator-Benchmark-Performance": {"mean": 40030033.728822485, "total": 4003003372.8822484, "sd": 21704.688114849465}, "Total-Surplus": {"mean": -36344.77239206692, "total": -3634477.2392066927, "sd": 21997.136553839697}, "Market-Surplus": {"mean": -40066378.50121456, "total": -4006637850.1214557, "sd": 32839.9321910568}}