{"ZI": {"mean": 48254.22793881917, "total": 4825422.793881916, "sd": 96250.53562073669}, "Benchmark-Manipulator": {"mean": -88814.78195765526, "total": -8881478.195765525, "sd": 95931.31809839503}, "Benchmark-Manipulator-Market-Performance": {"mean": -40114526.79715805, "total": -4011452679.7158046, "sd": 96113.66992381147}, "Benchmark-Manipulator-Benchmark-Performance": {"mean": 40025712.01520039, "total": 4002571201.520039, "sd": 22938.53307638924}, "Total-Surplus": {"mean": -40560.55401883607, "total": -4056055.401883607, "sd": 20043.790549342983}, "Market-Surplus": {"mean": -40066272.56921923, "total": -4006627256.921923, "sd": 32204.808092501877}}