{"ZI": {"mean": 26903.915931917865, "total": 2690391.5931917867, "sd": 93676.46249721135}, "Benchmark-Manipulator": {"mean": -67326.85069897865, "total": -6732685.069897866, "sd": 95617.73711114904}, "Benchmark-Manipulator-Market-Performance": {"mean": -40091142.72520531, "total": -4009114272.5205307, "sd": 96304.8923874958}, "Benchmark-Manipulator-Benchmark-Performance": {"mean": 40023815.87450633, "total": 4002381587.450633, "sd": 21925.527374117475}, "Total-Surplus": {"mean": -40422.9347670608, "total": -4042293.4767060797, "sd": 18445.518728364612}, "Market-Surplus": {"mean": -40064238.809273385, "total": -4006423880.9273386, "sd": 31721.919745088697}}