{"ZI": {"mean": 23545.509389028317, "total": 2354550.9389028316, "sd": 99947.84151694961}, "Benchmark-Manipulator": {"mean": -66404.53117721742, "total": -6640453.117721741, "sd": 97508.81164937155}, "Benchmark-Manipulator-Market-Performance": {"mean": -40099699.835512355, "total": -4009969983.551235, "sd": 99459.68527456238}, "Benchmark-Manipulator-Benchmark-Performance": {"mean": 40033295.30433515, "total": 4003329530.4335146, "sd": 24045.266660390622}, "Total-Surplus": {"mean": -42859.02178818909, "total": -4285902.178818909, "sd": 21073.551935608368}, "Market-Surplus": {"mean": -40076154.32612333, "total": -4007615432.6123323, "sd": 34428.32416461392}}