{"ZI": {"mean": 14630.826659956396, "total": 1463082.6659956395, "sd": 99567.9221967208}, "Benchmark-Manipulator": {"mean": -54472.82516273826, "total": -5447282.516273826, "sd": 104999.13419131674}, "Benchmark-Manipulator-Market-Performance": {"mean": -40085872.91575714, "total": -4008587291.575714, "sd": 107464.99776675654}, "Benchmark-Manipulator-Benchmark-Performance": {"mean": 40031400.0905944, "total": 4003140009.0594406, "sd": 23492.786906650344}, "Total-Surplus": {"mean": -39841.99850278187, "total": -3984199.8502781866, "sd": 22265.524914210808}, "Market-Surplus": {"mean": -40071242.08909719, "total": -4007124208.9097185, "sd": 32713.508323451864}}