{"ZI": {"mean": 25817.794812101034, "total": 2581779.4812101033, "sd": 97372.27432451617}, "Benchmark-Manipulator": {"mean": -62527.46182916377, "total": -6252746.182916377, "sd": 97353.036983905}, "Benchmark-Manipulator-Market-Performance": {"mean": -40087480.80977793, "total": -4008748080.9777927, "sd": 98425.77627409156}, "Benchmark-Manipulator-Benchmark-Performance": {"mean": 40024953.34794876, "total": 4002495334.794876, "sd": 24895.97995832362}, "Total-Surplus": {"mean": -36709.66701706275, "total": -3670966.7017062744, "sd": 19325.594126660653}, "Market-Surplus": {"mean": -40061663.01496582, "total": -4006166301.496582, "sd": 34160.08545274683}}