{"ZI": {"mean": 18186.8636538959, "total": 1818686.3653895902, "sd": 101827.23740214047}, "Benchmark-Manipulator": {"mean": -56163.47430945953, "total": -5616347.430945953, "sd": 104066.74982031902}, "Benchmark-Manipulator-Market-Performance": {"mean": -40079058.780017436, "total": -4007905878.0017433, "sd": 104087.56655293194}, "Benchmark-Manipulator-Benchmark-Performance": {"mean": 40022895.305707976, "total": 4002289530.5707974, "sd": 26555.440892459497}, "Total-Surplus": {"mean": -37976.61065556363, "total": -3797661.065556363, "sd": 19673.305855023405}, "Market-Surplus": {"mean": -40060871.91636354, "total": -4006087191.6363535, "sd": 35272.79501086912}}