{"ZI": {"mean": 32582.229052554878, "total": 3258222.9052554877, "sd": 93244.49065494996}, "Benchmark-Manipulator": {"mean": -69718.99024274178, "total": -6971899.024274179, "sd": 93329.75815876274}, "Benchmark-Manipulator-Market-Performance": {"mean": -40095189.59951946, "total": -4009518959.9519463, "sd": 93218.58390964549}, "Benchmark-Manipulator-Benchmark-Performance": {"mean": 40025470.60927672, "total": 4002547060.927672, "sd": 25353.737890762906}, "Total-Surplus": {"mean": -37136.761190186895, "total": -3713676.1190186897, "sd": 16591.601605599833}, "Market-Surplus": {"mean": -40062607.37046691, "total": -4006260737.046691, "sd": 33747.97101578785}}