{"ZI": {"mean": 19191.909006289603, "total": 1919190.9006289605, "sd": 98302.11762450416}, "Benchmark-Manipulator": {"mean": -60115.44655779131, "total": -6011544.655779131, "sd": 103142.04682630427}, "Benchmark-Manipulator-Market-Performance": {"mean": -40087972.68303996, "total": -4008797268.3039966, "sd": 110239.39746219851}, "Benchmark-Manipulator-Benchmark-Performance": {"mean": 40027857.23648217, "total": 4002785723.6482177, "sd": 22294.476244076304}, "Total-Surplus": {"mean": -40923.53755150171, "total": -4092353.755150171, "sd": 21411.896543839008}, "Market-Surplus": {"mean": -40068780.77403367, "total": -4006878077.4033675, "sd": 34584.72602063014}}