{"ZI": {"mean": 39908.76672234365, "total": 3990876.6722343653, "sd": 97383.92348788597}, "Benchmark-Manipulator": {"mean": 39945526.4378332, "total": 3994552643.7833195, "sd": 101796.03673324072}, "Benchmark-Manipulator-Market-Performance": {"mean": -83716.92685543105, "total": -8371692.685543105, "sd": 98926.69119566931}, "Benchmark-Manipulator-Benchmark-Performance": {"mean": 40029243.364688635, "total": 4002924336.4688635, "sd": 26022.968244336233}, "Total-Surplus": {"mean": 39985435.20455554, "total": 3998543520.4555545, "sd": 26018.83918241182}, "Market-Surplus": {"mean": -43808.16013308741, "total": -4380816.013308741, "sd": 19828.490276064796}}