{"ZI": {"mean": 34006.73378230707, "total": 3400673.378230707, "sd": 105233.72127766478}, "Benchmark-Manipulator": {"mean": -73610.69801079368, "total": -7361069.801079368, "sd": 104581.29078792692}, "Benchmark-Manipulator-Market-Performance": {"mean": -40102091.59341905, "total": -4010209159.341905, "sd": 111351.36125658745}, "Benchmark-Manipulator-Benchmark-Performance": {"mean": 40028480.89540826, "total": 4002848089.540826, "sd": 25764.685819900868}, "Total-Surplus": {"mean": -39603.96422848662, "total": -3960396.422848662, "sd": 21182.888926791707}, "Market-Surplus": {"mean": -40068084.85963674, "total": -4006808485.963674, "sd": 37202.752100051635}}