{"ZI": {"mean": 11341.177179330218, "total": 1134117.7179330217, "sd": 89804.42473121597}, "Benchmark-Manipulator": {"mean": -48801.044752530725, "total": -4880104.475253073, "sd": 91229.17707929442}, "Benchmark-Manipulator-Market-Performance": {"mean": -40074695.32316716, "total": -4007469532.3167157, "sd": 101026.84522952892}, "Benchmark-Manipulator-Benchmark-Performance": {"mean": 40025894.27841463, "total": 4002589427.8414626, "sd": 24096.208108129726}, "Total-Surplus": {"mean": -37459.8675732005, "total": -3745986.7573200497, "sd": 22461.959107776234}, "Market-Surplus": {"mean": -40063354.14598782, "total": -4006335414.598782, "sd": 36007.5371687592}}