{
"bench_mani": {
	"drl:Rmin_0_Rmax_1000_benchmarkThresh_0.8_benchmarkImpact_2500": 1.0
	},
"zi": {
	"markov:Rmin_0_Rmax_1000_Thresh_0.1": 0.4639597514734377, 
	"markov:Rmin_0_Rmax_1000_Thresh_0.8": 0.5360402485265624
	}
}