{"ZI Payoff": {"Mean": 1056.7111523901722, "Variance": 6225789.143214903},
    "Reward": {"Mean": 0.0, "Variance": 1.0},
    "Final fundamental estimate": {"Mean": 100000.6196239488, "Variance": 24731.06039280375},
    "Side": {"Mean": -0.0005566032249757005, "Variance": 0.9999996901928497},
    "Latency": {"Mean": 0.0, "Variance": 1.0},
    "Bid Size": {"Mean": 105.60702566190092, "Variance": 111.10211125748909},
    "Ask Size": {"Mean": 105.62625339569504, "Variance": 111.05947774018199},
    "Number of Transactions": {"Mean": 14.102410839640118, "Variance": 33.867370842085315},
    "Bid Position 0": {"Mean": -1842.9173986590051, "Variance": 1606014.4495998418},
    "Bid Position 1": {"Mean": -1759.699899718213, "Variance": 1603064.1075392482},
    "Bid Position 2": {"Mean": -1678.4248754187436, "Variance": 1599897.1268967271},
    "Bid Position 3": {"Mean": -1599.234791263659, "Variance": 1596925.098061408},
    "Bid Position 4": {"Mean": -1522.0074354612782, "Variance": 1593880.3891660606},
    "Bid Position 5": {"Mean": -1447.1856149533564, "Variance": 1591011.8464636833},
    "Bid Position 6": {"Mean": -1374.4742801855928, "Variance": 1587720.0034613903},
    "Bid Position 7": {"Mean": -1303.9135564352503, "Variance": 1584585.0411620813},
    "Bid Position 8": {"Mean": -1235.6152254141741, "Variance": 1581677.8687397481},
    "Bid Position 9": {"Mean": -1169.3536675897449, "Variance": 1578642.3459482407},
    "Bid Position 10": {"Mean": -1104.6533153512864, "Variance": 1576152.1342935872},
    "Bid Position 11": {"Mean": -1041.0675610708415, "Variance": 1573847.7833095668},
    "Bid Position 12": {"Mean": -977.9913105827753, "Variance": 1572017.963881573},
    "Bid Position 13": {"Mean": -914.96478054697, "Variance": 1570408.9924739168},
    "Bid Position 14": {"Mean": -851.3961106625275, "Variance": 1569331.789022071},
    "Bid Position 15": {"Mean": -786.5164491105184, "Variance": 1568354.8399286675},
    "Bid Position 16": {"Mean": -719.5560883983984, "Variance": 1567063.7183885945},
    "Bid Position 17": {"Mean": -649.8307762436792, "Variance": 1565374.2616240422},
    "Bid Position 18": {"Mean": -574.9818358666844, "Variance": 1563469.3332547804},
    "Bid Position 19": {"Mean": -478.52594044163055, "Variance": 1563522.6632843202},
    "Ask Position 0": {"Mean": -515.2631465163782, "Variance": 1561095.5013779793},
    "Ask Position 1": {"Mean": -611.7620166949065, "Variance": 1560966.8199183135},
    "Ask Position 2": {"Mean": -686.8592976466151, "Variance": 1563890.8505679185},
    "Ask Position 3": {"Mean": -756.608834502887, "Variance": 1566271.7908959438},
    "Ask Position 4": {"Mean": -823.5430265559221, "Variance": 1567681.9916748106},
    "Ask Position 5": {"Mean": -888.2369529347612, "Variance": 1568886.8346293822},
    "Ask Position 6": {"Mean": -951.6945970908428, "Variance": 1569534.5784381232},
    "Ask Position 7": {"Mean": -1014.2215674247216, "Variance": 1569956.6024585767},
    "Ask Position 8": {"Mean": -1077.0032792704012, "Variance": 1570852.6670623755},
    "Ask Position 9": {"Mean": -1140.6176072343135, "Variance": 1571911.818971324},
    "Ask Position 10": {"Mean": -1205.274066739352, "Variance": 1573574.2564186912},
    "Ask Position 11": {"Mean": -1271.5243055802882, "Variance": 1576196.9794236657},
    "Ask Position 12": {"Mean": -1339.514162109576, "Variance": 1578599.9495879274},
    "Ask Position 13": {"Mean": -1409.5383785036179, "Variance": 1581359.7864979526},
    "Ask Position 14": {"Mean": -1481.8580473662366, "Variance": 1584491.661350796},
    "Ask Position 15": {"Mean": -1556.6631905461857, "Variance": 1587681.0311793066},
    "Ask Position 16": {"Mean": -1633.7284128136375, "Variance": 1591099.1961624334},
    "Ask Position 17": {"Mean": -1712.9556232345792, "Variance": 1594453.8069259792},
    "Ask Position 18": {"Mean": -1794.3300635160376, "Variance": 1597487.0559107207},
    "Ask Position 19": {"Mean": -1877.7142983527535, "Variance": 1600489.4230812246},
    "Spread": {"Mean": 433.4886976315287, "Variance": 28247.892034535394},
    "Transactions Position 0": {"Mean": -279.31578079227006, "Variance": 1604749.3264783549},
    "Transactions Position 1": {"Mean": -279.4431681631921, "Variance": 1608150.359208672},
    "Transactions Position 2": {"Mean": -279.8499495842749, "Variance": 1617781.3743473652},
    "Transactions Position 3": {"Mean": -279.623079771277, "Variance": 1619801.7510410582},
    "Transactions Position 4": {"Mean": -279.6991890316593, "Variance": 1620722.397668745},
    "Transactions Position 5": {"Mean": -280.7051372094068, "Variance": 1626512.3453924593},
    "Transactions Position 6": {"Mean": -279.4845271058121, "Variance": 1623857.552863134},
    "Transactions Position 7": {"Mean": -279.6898098519429, "Variance": 1626054.4186809268},
    "Transactions Position 8": {"Mean": -278.2813627749406, "Variance": 1635554.3280887099},
    "Transactions Position 9": {"Mean": -279.6906239880033, "Variance": 1635965.371072695},
    "Transactions Position 10": {"Mean": -279.72708980675003, "Variance": 1631247.9454906287},
    "Transactions Position 11": {"Mean": -280.16797771350656, "Variance": 1631092.731421271},
    "Transactions Position 12": {"Mean": -280.07681108976203, "Variance": 1635422.2285919471},
    "Transactions Position 13": {"Mean": -279.5752534314832, "Variance": 1636914.7540771607},
    "Transactions Position 14": {"Mean": -278.53867546134035, "Variance": 1622167.9348083586},
    "Transactions Position 15": {"Mean": -278.71361087044374, "Variance": 1617346.6951661955},
    "Transactions Position 16": {"Mean": -278.94723053598335, "Variance": 1617227.5643976696},
    "Transactions Position 17": {"Mean": -279.20946542254427, "Variance": 1608404.301183238},
    "Transactions Position 18": {"Mean": -279.53421017427434, "Variance": 1602899.549023171},
    "Transactions Position 19": {"Mean": -279.74639230814154, "Variance": 1592246.701236288},
    "Market Holdings": {"Mean": 0.0, "Variance": 1.0},
    "Contract Holdings": {"Mean": 40.0, "Variance": 1.0},
    "Private Bid": {"Mean": -298.69589716305273, "Variance": 1539371.6221536277},
    "Private Ask": {"Mean": 261.6044921634272, "Variance": 1539263.7358279112},
    "Omega Bid Ratio": {"Mean": 8611.30485648023, "Variance": 180024617.3216733},
    "Omega Ask Ratio": {"Mean": 4805.994817448541, "Variance": 105509824.77358727},
    "Time Since Last Trade": {"Mean": 344.78581160226963, "Variance": 138064.2779210258},
    "Time Until the End": {"Mean": 998.5404285014081, "Variance": 332462.7617364749}}